FK_ID_PERSON,VALUE_BET,Status,Total_Earned,DATE_BET,FLAG
1,12000,Pendiente,0,2019-01-01 03:23:34.234,I
2,12001,Pendiente,0,2019-01-08 03:23:34.234,I
3,12002,Pendiente,0,2019-02-08 03:23:34.234,I
4,12003,Pendiente,0,2019-01-01 03:23:34.235,I
5,12004,Pendiente,0,2019-01-08 03:23:34.235,I
6,12005,Pendiente,0,2019-02-08 03:23:34.235,I
7,12006,Pendiente,0,2019-01-01 03:23:34.236,I
8,12007,Pendiente,0,2019-01-08 03:23:34.236,I
9,12008,Pendiente,0,2019-01-08 03:23:34.237,I
10,12009,Pendiente,0,2019-01-08 03:23:34.238,I
11,12010,Pendiente,0,2019-01-08 03:23:34.239,I
12,12011,Pendiente,0,2019-01-08 03:23:34.240,I
13,12012,Pendiente,0,2019-01-08 03:23:34.241,I
14,12013,Pendiente,0,2019-01-08 03:23:34.242,I
15,12014,Pendiente,0,2019-01-08 03:23:34.243,I
16,12015,Pendiente,0,2019-01-08 03:23:34.244,I
17,12016,Pendiente,0,2019-01-08 03:23:34.245,I
18,12017,Pendiente,0,2019-01-08 03:23:34.246,I
19,12018,Pendiente,0,2019-01-08 03:23:34.247,I
20,12019,Pendiente,0,2019-01-08 03:23:34.248,I
21,12020,Pendiente,0,2019-01-08 03:23:34.249,I
22,12021,Pendiente,0,2019-01-08 03:23:34.250,I
23,12022,Pendiente,0,2019-01-08 03:23:34.251,I
24,12023,Pendiente,0,2019-01-08 03:23:34.252,I
25,12024,Pendiente,0,2019-01-08 03:23:34.253,I
26,12025,Pendiente,0,2019-01-08 03:23:34.254,I
27,12026,Pendiente,0,2019-01-08 03:23:34.255,I
28,12027,Pendiente,0,2019-01-08 03:23:34.256,I
29,12028,Pendiente,0,2019-01-08 03:23:34.257,I
30,12029,Pendiente,0,2019-01-08 03:23:34.258,I
31,12030,Pendiente,0,2019-01-08 03:23:34.259,I
32,12031,Pendiente,0,2019-01-08 03:23:34.260,I
33,12032,Pendiente,0,2019-01-08 03:23:34.261,I
34,12033,Pendiente,0,2019-01-08 03:23:34.262,I
35,12034,Pendiente,0,2019-01-08 03:23:34.263,I
36,12035,Pendiente,0,2019-01-08 03:23:34.264,I
37,12036,Pendiente,0,2019-01-08 03:23:34.265,I
38,12037,Pendiente,0,2019-01-08 03:23:34.266,I
39,12038,Pendiente,0,2019-01-08 03:23:34.267,I
40,12039,Pendiente,0,2019-01-08 03:23:34.268,I
41,12040,Pendiente,0,2019-01-08 03:23:34.269,I
42,12041,Pendiente,0,2019-01-08 03:23:34.270,I
43,12042,Pendiente,0,2019-01-08 03:23:34.271,I
44,12043,Pendiente,0,2019-01-08 03:23:34.272,I
45,12044,Pendiente,0,2019-01-08 03:23:34.273,I
46,12045,Pendiente,0,2019-01-08 03:23:34.274,I
47,12046,Pendiente,0,2019-01-08 03:23:34.275,I
48,12047,Pendiente,0,2019-01-08 03:23:34.276,I
49,12048,Pendiente,0,2019-01-08 03:23:34.277,I
50,12049,Pendiente,0,2019-01-08 03:23:34.278,I
51,12050,Pendiente,0,2019-01-08 03:23:34.279,I
52,12051,Pendiente,0,2019-01-08 03:23:34.280,I
53,12052,Pendiente,0,2019-01-08 03:23:34.281,I
54,12053,Pendiente,0,2019-01-08 03:23:34.282,I
55,12054,Pendiente,0,2019-01-08 03:23:34.283,I
56,12055,Pendiente,0,2019-01-08 03:23:34.284,I
57,12056,Pendiente,0,2019-01-08 03:23:34.285,I
58,12057,Pendiente,0,2019-01-08 03:23:34.286,I
59,12058,Pendiente,0,2019-01-08 03:23:34.287,I
60,12059,Pendiente,0,2019-01-08 03:23:34.288,I
61,12060,Pendiente,0,2019-01-08 03:23:34.289,I
62,12061,Pendiente,0,2019-01-08 03:23:34.290,I
63,12062,Pendiente,0,2019-01-08 03:23:34.291,I
64,12063,Pendiente,0,2019-01-08 03:23:34.292,I
65,12064,Pendiente,0,2019-01-08 03:23:34.293,I
66,12065,Pendiente,0,2019-01-08 03:23:34.294,I
67,12066,Pendiente,0,2019-01-08 03:23:34.295,I
68,12067,Pendiente,0,2019-01-08 03:23:34.296,I
69,12068,Pendiente,0,2019-01-08 03:23:34.297,I
70,12069,Pendiente,0,2019-01-08 03:23:34.298,I
71,12070,Pendiente,0,2019-01-08 03:23:34.299,I
72,12071,Pendiente,0,2019-01-08 03:23:34.300,I
73,12072,Pendiente,0,2019-01-08 03:23:34.301,I
74,12073,Pendiente,0,2019-01-08 03:23:34.302,I
75,12074,Pendiente,0,2019-01-08 03:23:34.303,I
76,12075,Pendiente,0,2019-01-08 03:23:34.304,I
77,12076,Pendiente,0,2019-01-08 03:23:34.305,I
78,12077,Pendiente,0,2019-01-08 03:23:34.306,I
79,12078,Pendiente,0,2019-01-08 03:23:34.307,I
80,12079,Pendiente,0,2019-01-08 03:23:34.308,I
81,12080,Pendiente,0,2019-01-08 03:23:34.309,I
82,12081,Pendiente,0,2019-01-08 03:23:34.310,I
83,12082,Pendiente,0,2019-01-08 03:23:34.311,I
84,12083,Pendiente,0,2019-01-08 03:23:34.312,I
85,12084,Pendiente,0,2019-01-08 03:23:34.313,I
86,12085,Pendiente,0,2019-01-08 03:23:34.314,I
87,12086,Pendiente,0,2019-01-08 03:23:34.315,I
88,12087,Pendiente,0,2019-01-08 03:23:34.316,I
89,12088,Pendiente,0,2019-01-08 03:23:34.317,I
90,12089,Pendiente,0,2019-01-08 03:23:34.318,I
91,12090,Pendiente,0,2019-01-08 03:23:34.319,I
92,12091,Pendiente,0,2019-01-08 03:23:34.320,I
93,12092,Pendiente,0,2019-01-08 03:23:34.321,I
94,12093,Pendiente,0,2019-01-08 03:23:34.322,I
95,12094,Pendiente,0,2019-01-08 03:23:34.323,I
96,12095,Pendiente,0,2019-01-08 03:23:34.324,I
97,12096,Pendiente,0,2019-01-08 03:23:34.325,I
98,12097,Pendiente,0,2019-01-08 03:23:34.326,I
99,12098,Pendiente,0,2019-01-08 03:23:34.327,I
100,12099,Pendiente,0,2019-01-08 03:23:34.328,I
101,12100,Pendiente,0,2019-01-08 03:23:34.329,I
102,12101,Pendiente,0,2019-01-08 03:23:34.330,I
103,12102,Pendiente,0,2019-01-08 03:23:34.331,I
104,12103,Pendiente,0,2019-01-08 03:23:34.332,I
105,12104,Pendiente,0,2019-01-08 03:23:34.333,I
106,12105,Pendiente,0,2019-01-08 03:23:34.334,I
107,12106,Pendiente,0,2019-01-08 03:23:34.335,I
108,12107,Pendiente,0,2019-01-08 03:23:34.336,I
109,12108,Pendiente,0,2019-01-08 03:23:34.337,I
110,12109,Pendiente,0,2019-01-08 03:23:34.338,I
111,12110,Pendiente,0,2019-01-08 03:23:34.339,I
112,12111,Pendiente,0,2019-01-08 03:23:34.340,I
113,12112,Pendiente,0,2019-01-08 03:23:34.341,I
114,12113,Pendiente,0,2019-01-08 03:23:34.342,I
115,12114,Pendiente,0,2019-01-08 03:23:34.343,I
116,12115,Pendiente,0,2019-01-08 03:23:34.344,I
117,12116,Pendiente,0,2019-01-08 03:23:34.345,I
118,12117,Pendiente,0,2019-01-08 03:23:34.346,I
119,12118,Pendiente,0,2019-01-08 03:23:34.347,I
120,12119,Pendiente,0,2019-01-08 03:23:34.348,I
121,12120,Pendiente,0,2019-01-08 03:23:34.349,I
122,12121,Pendiente,0,2019-01-08 03:23:34.350,I
123,12122,Pendiente,0,2019-01-08 03:23:34.351,I
124,12123,Pendiente,0,2019-01-08 03:23:34.352,I
125,12124,Pendiente,0,2019-01-08 03:23:34.353,I
126,12125,Pendiente,0,2019-01-08 03:23:34.354,I
127,12126,Pendiente,0,2019-01-08 03:23:34.355,I
128,12127,Pendiente,0,2019-01-08 03:23:34.356,I
129,12128,Pendiente,0,2019-01-08 03:23:34.357,I
130,12129,Pendiente,0,2019-01-08 03:23:34.358,I
131,12130,Pendiente,0,2019-01-08 03:23:34.359,I
132,12131,Pendiente,0,2019-01-08 03:23:34.360,I
133,12132,Pendiente,0,2019-01-08 03:23:34.361,I
134,12133,Pendiente,0,2019-01-08 03:23:34.362,I
135,12134,Pendiente,0,2019-01-08 03:23:34.363,I
136,12135,Pendiente,0,2019-01-08 03:23:34.364,I
137,12136,Pendiente,0,2019-01-08 03:23:34.365,I
138,12137,Pendiente,0,2019-01-08 03:23:34.366,I
139,12138,Pendiente,0,2019-01-08 03:23:34.367,I
140,12139,Pendiente,0,2019-01-08 03:23:34.368,I
141,12140,Pendiente,0,2019-01-08 03:23:34.369,I
142,12141,Pendiente,0,2019-01-08 03:23:34.370,I
143,12142,Pendiente,0,2019-01-08 03:23:34.371,I
144,12143,Pendiente,0,2019-01-08 03:23:34.372,I
145,12144,Pendiente,0,2019-01-08 03:23:34.373,I
146,12145,Pendiente,0,2019-01-08 03:23:34.374,I
147,12146,Pendiente,0,2019-01-08 03:23:34.375,I
148,12147,Pendiente,0,2019-01-08 03:23:34.376,I
149,12148,Pendiente,0,2019-01-08 03:23:34.377,I
150,12149,Pendiente,0,2019-01-08 03:23:34.378,I
151,12150,Pendiente,0,2019-01-08 03:23:34.379,I
152,12151,Pendiente,0,2019-01-08 03:23:34.380,I
153,12152,Pendiente,0,2019-01-08 03:23:34.381,I
154,12153,Pendiente,0,2019-01-08 03:23:34.382,I
155,12154,Pendiente,0,2019-01-08 03:23:34.383,I
156,12155,Pendiente,0,2019-01-08 03:23:34.384,I
157,12156,Pendiente,0,2019-01-08 03:23:34.385,I
158,12157,Pendiente,0,2019-01-08 03:23:34.386,I
159,12158,Pendiente,0,2019-01-08 03:23:34.387,I
160,12159,Pendiente,0,2019-01-08 03:23:34.388,I
161,12160,Pendiente,0,2019-01-08 03:23:34.389,I
162,12161,Pendiente,0,2019-01-08 03:23:34.390,I
163,12162,Pendiente,0,2019-01-08 03:23:34.391,I
164,12163,Pendiente,0,2019-01-08 03:23:34.392,I
165,12164,Pendiente,0,2019-01-08 03:23:34.393,I
166,12165,Pendiente,0,2019-01-08 03:23:34.394,I
167,12166,Pendiente,0,2019-01-08 03:23:34.395,I
168,12167,Pendiente,0,2019-01-08 03:23:34.396,I
169,12168,Pendiente,0,2019-01-08 03:23:34.397,I
170,12169,Pendiente,0,2019-01-08 03:23:34.398,I
171,12170,Pendiente,0,2019-01-08 03:23:34.399,I
172,12171,Pendiente,0,2019-01-08 03:23:34.400,I
173,12172,Pendiente,0,2019-01-08 03:23:34.401,I
174,12173,Pendiente,0,2019-01-08 03:23:34.402,I
175,12174,Pendiente,0,2019-01-08 03:23:34.403,I
176,12175,Pendiente,0,2019-01-08 03:23:34.404,I
177,12176,Pendiente,0,2019-01-08 03:23:34.405,I
178,12177,Pendiente,0,2019-01-08 03:23:34.406,I
179,12178,Pendiente,0,2019-01-08 03:23:34.407,I
180,12179,Pendiente,0,2019-01-08 03:23:34.408,I
181,12180,Pendiente,0,2019-01-08 03:23:34.409,I
182,12181,Pendiente,0,2019-01-08 03:23:34.410,I
183,12182,Pendiente,0,2019-01-08 03:23:34.411,I
184,12183,Pendiente,0,2019-01-08 03:23:34.412,I
185,12184,Pendiente,0,2019-01-08 03:23:34.413,I
186,12185,Pendiente,0,2019-01-08 03:23:34.414,I
187,12186,Pendiente,0,2019-01-08 03:23:34.415,I
188,12187,Pendiente,0,2019-01-08 03:23:34.416,I
189,12188,Pendiente,0,2019-01-08 03:23:34.417,I
190,12189,Pendiente,0,2019-01-08 03:23:34.418,I
191,12190,Pendiente,0,2019-01-08 03:23:34.419,I
192,12191,Pendiente,0,2019-01-08 03:23:34.420,I
193,12192,Pendiente,0,2019-01-08 03:23:34.421,I
194,12193,Pendiente,0,2019-01-08 03:23:34.422,I
195,12194,Pendiente,0,2019-01-08 03:23:34.423,I
196,12195,Pendiente,0,2019-01-08 03:23:34.424,I
197,12196,Pendiente,0,2019-01-08 03:23:34.425,I
198,12197,Pendiente,0,2019-01-08 03:23:34.426,I
199,12198,Pendiente,0,2019-01-08 03:23:34.427,I
200,12199,Pendiente,0,2019-01-08 03:23:34.428,I
201,12200,Pendiente,0,2019-01-08 03:23:34.429,I
202,12201,Pendiente,0,2019-01-08 03:23:34.430,I
203,12202,Pendiente,0,2019-01-08 03:23:34.431,I
204,12203,Pendiente,0,2019-01-08 03:23:34.432,I
205,12204,Pendiente,0,2019-01-08 03:23:34.433,I
206,12205,Pendiente,0,2019-01-08 03:23:34.434,I
207,12206,Pendiente,0,2019-01-08 03:23:34.435,I
208,12207,Pendiente,0,2019-01-08 03:23:34.436,I
209,12208,Pendiente,0,2019-01-08 03:23:34.437,I
210,12209,Pendiente,0,2019-01-08 03:23:34.438,I
211,12210,Pendiente,0,2019-01-08 03:23:34.439,I
212,12211,Pendiente,0,2019-01-08 03:23:34.440,I
213,12212,Pendiente,0,2019-01-08 03:23:34.441,I
214,12213,Pendiente,0,2019-01-08 03:23:34.442,I
215,12214,Pendiente,0,2019-01-08 03:23:34.443,I
216,12215,Pendiente,0,2019-01-08 03:23:34.444,I
217,12216,Pendiente,0,2019-01-08 03:23:34.445,I
218,12217,Pendiente,0,2019-01-08 03:23:34.446,I
219,12218,Pendiente,0,2019-01-08 03:23:34.447,I
220,12219,Pendiente,0,2019-01-08 03:23:34.448,I
221,12220,Pendiente,0,2019-01-08 03:23:34.449,I
222,12221,Pendiente,0,2019-01-08 03:23:34.450,I
223,12222,Pendiente,0,2019-01-08 03:23:34.451,I
224,12223,Pendiente,0,2019-01-08 03:23:34.452,I
225,12224,Pendiente,0,2019-01-08 03:23:34.453,I
226,12225,Pendiente,0,2019-01-08 03:23:34.454,I
227,12226,Pendiente,0,2019-01-08 03:23:34.455,I
228,12227,Pendiente,0,2019-01-08 03:23:34.456,I
229,12228,Pendiente,0,2019-01-08 03:23:34.457,I
230,12229,Pendiente,0,2019-01-08 03:23:34.458,I
231,12230,Pendiente,0,2019-01-08 03:23:34.459,I
232,12231,Pendiente,0,2019-01-08 03:23:34.460,I
233,12232,Pendiente,0,2019-01-08 03:23:34.461,I
234,12233,Pendiente,0,2019-01-08 03:23:34.462,I
235,12234,Pendiente,0,2019-01-08 03:23:34.463,I
236,12235,Pendiente,0,2019-01-08 03:23:34.464,I
237,12236,Pendiente,0,2019-01-08 03:23:34.465,I
238,12237,Pendiente,0,2019-01-08 03:23:34.466,I
239,12238,Pendiente,0,2019-01-08 03:23:34.467,I
240,12239,Pendiente,0,2019-01-08 03:23:34.468,I
241,12240,Pendiente,0,2019-01-08 03:23:34.469,I
242,12241,Pendiente,0,2019-01-08 03:23:34.470,I
243,12242,Pendiente,0,2019-01-08 03:23:34.471,I
244,12243,Pendiente,0,2019-01-08 03:23:34.472,I
245,12244,Pendiente,0,2019-01-08 03:23:34.473,I
246,12245,Pendiente,0,2019-01-08 03:23:34.474,I
247,12246,Pendiente,0,2019-01-08 03:23:34.475,I
248,12247,Pendiente,0,2019-01-08 03:23:34.476,I
249,12248,Pendiente,0,2019-01-08 03:23:34.477,I
250,12249,Pendiente,0,2019-01-08 03:23:34.478,I
251,12250,Pendiente,0,2019-01-08 03:23:34.479,I
252,12251,Pendiente,0,2019-01-08 03:23:34.480,I
253,12252,Pendiente,0,2019-01-08 03:23:34.481,I
254,12253,Pendiente,0,2019-01-08 03:23:34.482,I
255,12254,Pendiente,0,2019-01-08 03:23:34.483,I
256,12255,Pendiente,0,2019-01-08 03:23:34.484,I
257,12256,Pendiente,0,2019-01-08 03:23:34.485,I
258,12257,Pendiente,0,2019-01-08 03:23:34.486,I
259,12258,Pendiente,0,2019-01-08 03:23:34.487,I
260,12259,Pendiente,0,2019-01-08 03:23:34.488,I
261,12260,Pendiente,0,2019-01-08 03:23:34.489,I
262,12261,Pendiente,0,2019-01-08 03:23:34.490,I
263,12262,Pendiente,0,2019-01-08 03:23:34.491,I
264,12263,Pendiente,0,2019-01-08 03:23:34.492,I
265,12264,Pendiente,0,2019-01-08 03:23:34.493,I
266,12265,Pendiente,0,2019-01-08 03:23:34.494,I
267,12266,Pendiente,0,2019-01-08 03:23:34.495,I
268,12267,Pendiente,0,2019-01-08 03:23:34.496,I
269,12268,Pendiente,0,2019-01-08 03:23:34.497,I
270,12269,Pendiente,0,2019-01-08 03:23:34.498,I
271,12270,Pendiente,0,2019-01-08 03:23:34.499,I
272,12271,Pendiente,0,2019-01-08 03:23:34.500,I
273,12272,Pendiente,0,2019-01-08 03:23:34.501,I
274,12273,Pendiente,0,2019-01-08 03:23:34.502,I
275,12274,Pendiente,0,2019-01-08 03:23:34.503,I
276,12275,Pendiente,0,2019-01-08 03:23:34.504,I
277,12276,Pendiente,0,2019-01-08 03:23:34.505,I
278,12277,Pendiente,0,2019-01-08 03:23:34.506,I
279,12278,Pendiente,0,2019-01-08 03:23:34.507,I
280,12279,Pendiente,0,2019-01-08 03:23:34.508,I
281,12280,Pendiente,0,2019-01-08 03:23:34.509,I
282,12281,Pendiente,0,2019-01-08 03:23:34.510,I
283,12282,Pendiente,0,2019-01-08 03:23:34.511,I
284,12283,Pendiente,0,2019-01-08 03:23:34.512,I
285,12284,Pendiente,0,2019-01-08 03:23:34.513,I
286,12285,Pendiente,0,2019-01-08 03:23:34.514,I
287,12286,Pendiente,0,2019-01-08 03:23:34.515,I
288,12287,Pendiente,0,2019-01-08 03:23:34.516,I
289,12288,Pendiente,0,2019-01-08 03:23:34.517,I
290,12289,Pendiente,0,2019-01-08 03:23:34.518,I
291,12290,Pendiente,0,2019-01-08 03:23:34.519,I
292,12291,Pendiente,0,2019-01-08 03:23:34.520,I
293,12292,Pendiente,0,2019-01-08 03:23:34.521,I
294,12293,Pendiente,0,2019-01-08 03:23:34.522,I
295,12294,Pendiente,0,2019-01-08 03:23:34.523,I
296,12295,Pendiente,0,2019-01-08 03:23:34.524,I
297,12296,Pendiente,0,2019-01-08 03:23:34.525,I
298,12297,Pendiente,0,2019-01-08 03:23:34.526,I
299,12298,Pendiente,0,2019-01-08 03:23:34.527,I
300,12299,Pendiente,0,2019-01-08 03:23:34.528,I
301,12300,Pendiente,0,2019-01-08 03:23:34.529,I
302,12301,Pendiente,0,2019-01-08 03:23:34.530,I
303,12302,Pendiente,0,2019-01-08 03:23:34.531,I
304,12303,Pendiente,0,2019-01-08 03:23:34.532,I
305,12304,Pendiente,0,2019-01-08 03:23:34.533,I
306,12305,Pendiente,0,2019-01-08 03:23:34.534,I
307,12306,Pendiente,0,2019-01-08 03:23:34.535,I
308,12307,Pendiente,0,2019-01-08 03:23:34.536,I
309,12308,Pendiente,0,2019-01-08 03:23:34.537,I
310,12309,Pendiente,0,2019-01-08 03:23:34.538,I
311,12310,Pendiente,0,2019-01-08 03:23:34.539,I
312,12311,Pendiente,0,2019-01-08 03:23:34.540,I
313,12312,Pendiente,0,2019-01-08 03:23:34.541,I
314,12313,Pendiente,0,2019-01-08 03:23:34.542,I
315,12314,Pendiente,0,2019-01-08 03:23:34.543,I
316,12315,Pendiente,0,2019-01-08 03:23:34.544,I
317,12316,Pendiente,0,2019-01-08 03:23:34.545,I
318,12317,Pendiente,0,2019-01-08 03:23:34.546,I
319,12318,Pendiente,0,2019-01-08 03:23:34.547,I
320,12319,Pendiente,0,2019-01-08 03:23:34.548,I
321,12320,Pendiente,0,2019-01-08 03:23:34.549,I
322,12321,Pendiente,0,2019-01-08 03:23:34.550,I
323,12322,Pendiente,0,2019-01-08 03:23:34.551,I
324,12323,Pendiente,0,2019-01-08 03:23:34.552,I
325,12324,Pendiente,0,2019-01-08 03:23:34.553,I
326,12325,Pendiente,0,2019-01-08 03:23:34.554,I
327,12326,Pendiente,0,2019-01-08 03:23:34.555,I
328,12327,Pendiente,0,2019-01-08 03:23:34.556,I
329,12328,Pendiente,0,2019-01-08 03:23:34.557,I
330,12329,Pendiente,0,2019-01-08 03:23:34.558,I
331,12330,Pendiente,0,2019-01-08 03:23:34.559,I
332,12331,Pendiente,0,2019-01-08 03:23:34.560,I
333,12332,Pendiente,0,2019-01-08 03:23:34.561,I
334,12333,Pendiente,0,2019-01-08 03:23:34.562,I
335,12334,Pendiente,0,2019-01-08 03:23:34.563,I
336,12335,Pendiente,0,2019-01-08 03:23:34.564,I
337,12336,Pendiente,0,2019-01-08 03:23:34.565,I
338,12337,Pendiente,0,2019-01-08 03:23:34.566,I
339,12338,Pendiente,0,2019-01-08 03:23:34.567,I
340,12339,Pendiente,0,2019-01-08 03:23:34.568,I
341,12340,Pendiente,0,2019-01-08 03:23:34.569,I
342,12341,Pendiente,0,2019-01-08 03:23:34.570,I
343,12342,Pendiente,0,2019-01-08 03:23:34.571,I
344,12343,Pendiente,0,2019-01-08 03:23:34.572,I
345,12344,Pendiente,0,2019-01-08 03:23:34.573,I
346,12345,Pendiente,0,2019-01-08 03:23:34.574,I
347,12346,Pendiente,0,2019-01-08 03:23:34.575,I
348,12347,Pendiente,0,2019-01-08 03:23:34.576,I
349,12348,Pendiente,0,2019-01-08 03:23:34.577,I
350,12349,Pendiente,0,2019-01-08 03:23:34.578,I
351,12350,Pendiente,0,2019-01-08 03:23:34.579,I
352,12351,Pendiente,0,2019-01-08 03:23:34.580,I
353,12352,Pendiente,0,2019-01-08 03:23:34.581,I
354,12353,Pendiente,0,2019-01-08 03:23:34.582,I
355,12354,Pendiente,0,2019-01-08 03:23:34.583,I
356,12355,Pendiente,0,2019-01-08 03:23:34.584,I
357,12356,Pendiente,0,2019-01-08 03:23:34.585,I
358,12357,Pendiente,0,2019-01-08 03:23:34.586,I
359,12358,Pendiente,0,2019-01-08 03:23:34.587,I
360,12359,Pendiente,0,2019-01-08 03:23:34.588,I
361,12360,Pendiente,0,2019-01-08 03:23:34.589,I
362,12361,Pendiente,0,2019-01-08 03:23:34.590,I
363,12362,Pendiente,0,2019-01-08 03:23:34.591,I
364,12363,Pendiente,0,2019-01-08 03:23:34.592,I
365,12364,Pendiente,0,2019-01-08 03:23:34.593,I
366,12365,Pendiente,0,2019-01-08 03:23:34.594,I
367,12366,Pendiente,0,2019-01-08 03:23:34.595,I
368,12367,Pendiente,0,2019-01-08 03:23:34.596,I
369,12368,Pendiente,0,2019-01-08 03:23:34.597,I
370,12369,Pendiente,0,2019-01-08 03:23:34.598,I
371,12370,Pendiente,0,2019-01-08 03:23:34.599,I
372,12371,Pendiente,0,2019-01-08 03:23:34.600,I
373,12372,Pendiente,0,2019-01-08 03:23:34.601,I
374,12373,Pendiente,0,2019-01-08 03:23:34.602,I
375,12374,Pendiente,0,2019-01-08 03:23:34.603,I
376,12375,Pendiente,0,2019-01-08 03:23:34.604,I
377,12376,Pendiente,0,2019-01-08 03:23:34.605,I
378,12377,Pendiente,0,2019-01-08 03:23:34.606,I
379,12378,Pendiente,0,2019-01-08 03:23:34.607,I
380,12379,Pendiente,0,2019-01-08 03:23:34.608,I
381,12380,Pendiente,0,2019-01-08 03:23:34.609,I
382,12381,Pendiente,0,2019-01-08 03:23:34.610,I
383,12382,Pendiente,0,2019-01-08 03:23:34.611,I
384,12383,Pendiente,0,2019-01-08 03:23:34.612,I
385,12384,Pendiente,0,2019-01-08 03:23:34.613,I
386,12385,Pendiente,0,2019-01-08 03:23:34.614,I
387,12386,Pendiente,0,2019-01-08 03:23:34.615,I
388,12387,Pendiente,0,2019-01-08 03:23:34.616,I
389,12388,Pendiente,0,2019-01-08 03:23:34.617,I
390,12389,Pendiente,0,2019-01-08 03:23:34.618,I
391,12390,Pendiente,0,2019-01-08 03:23:34.619,I
392,12391,Pendiente,0,2019-01-08 03:23:34.620,I
393,12392,Pendiente,0,2019-01-08 03:23:34.621,I
394,12393,Pendiente,0,2019-01-08 03:23:34.622,I
395,12394,Pendiente,0,2019-01-08 03:23:34.623,I
396,12395,Pendiente,0,2019-01-08 03:23:34.624,I
397,12396,Pendiente,0,2019-01-08 03:23:34.625,I
398,12397,Pendiente,0,2019-01-08 03:23:34.626,I
399,12398,Pendiente,0,2019-01-08 03:23:34.627,I
400,12399,Pendiente,0,2019-01-08 03:23:34.628,I
401,12400,Pendiente,0,2019-01-08 03:23:34.629,I
402,12401,Pendiente,0,2019-01-08 03:23:34.630,I
403,12402,Pendiente,0,2019-01-08 03:23:34.631,I
404,12403,Pendiente,0,2019-01-08 03:23:34.632,I
405,12404,Pendiente,0,2019-01-08 03:23:34.633,I
406,12405,Pendiente,0,2019-01-08 03:23:34.634,I
407,12406,Pendiente,0,2019-01-08 03:23:34.635,I
408,12407,Pendiente,0,2019-01-08 03:23:34.636,I
409,12408,Pendiente,0,2019-01-08 03:23:34.637,I
410,12409,Pendiente,0,2019-01-08 03:23:34.638,I
411,12410,Pendiente,0,2019-01-08 03:23:34.639,I
412,12411,Pendiente,0,2019-01-08 03:23:34.640,I
413,12412,Pendiente,0,2019-01-08 03:23:34.641,I
414,12413,Pendiente,0,2019-01-08 03:23:34.642,I
415,12414,Pendiente,0,2019-01-08 03:23:34.643,I
416,12415,Pendiente,0,2019-01-08 03:23:34.644,I
417,12416,Pendiente,0,2019-01-08 03:23:34.645,I
418,12417,Pendiente,0,2019-01-08 03:23:34.646,I
419,12418,Pendiente,0,2019-01-08 03:23:34.647,I
420,12419,Pendiente,0,2019-01-08 03:23:34.648,I
421,12420,Pendiente,0,2019-01-08 03:23:34.649,I
422,12421,Pendiente,0,2019-01-08 03:23:34.650,I
423,12422,Pendiente,0,2019-01-08 03:23:34.651,I
424,12423,Pendiente,0,2019-01-08 03:23:34.652,I
425,12424,Pendiente,0,2019-01-08 03:23:34.653,I
426,12425,Pendiente,0,2019-01-08 03:23:34.654,I
427,12426,Pendiente,0,2019-01-08 03:23:34.655,I
428,12427,Pendiente,0,2019-01-08 03:23:34.656,I
429,12428,Pendiente,0,2019-01-08 03:23:34.657,I
430,12429,Pendiente,0,2019-01-08 03:23:34.658,I
431,12430,Pendiente,0,2019-01-08 03:23:34.659,I
432,12431,Pendiente,0,2019-01-08 03:23:34.660,I
433,12432,Pendiente,0,2019-01-08 03:23:34.661,I
434,12433,Pendiente,0,2019-01-08 03:23:34.662,I
435,12434,Pendiente,0,2019-01-08 03:23:34.663,I
436,12435,Pendiente,0,2019-01-08 03:23:34.664,I
437,12436,Pendiente,0,2019-01-08 03:23:34.665,I
438,12437,Pendiente,0,2019-01-08 03:23:34.666,I
439,12438,Pendiente,0,2019-01-08 03:23:34.667,I
440,12439,Pendiente,0,2019-01-08 03:23:34.668,I
441,12440,Pendiente,0,2019-01-08 03:23:34.669,I
442,12441,Pendiente,0,2019-01-08 03:23:34.670,I
443,12442,Pendiente,0,2019-01-08 03:23:34.671,I
444,12443,Pendiente,0,2019-01-08 03:23:34.672,I
445,12444,Pendiente,0,2019-01-08 03:23:34.673,I
446,12445,Pendiente,0,2019-01-08 03:23:34.674,I
447,12446,Pendiente,0,2019-01-08 03:23:34.675,I
448,12447,Pendiente,0,2019-01-08 03:23:34.676,I
449,12448,Pendiente,0,2019-01-08 03:23:34.677,I
450,12449,Pendiente,0,2019-01-08 03:23:34.678,I
451,12450,Pendiente,0,2019-01-08 03:23:34.679,I
452,12451,Pendiente,0,2019-01-08 03:23:34.680,I
453,12452,Pendiente,0,2019-01-08 03:23:34.681,I
454,12453,Pendiente,0,2019-01-08 03:23:34.682,I
455,12454,Pendiente,0,2019-01-08 03:23:34.683,I
456,12455,Pendiente,0,2019-01-08 03:23:34.684,I
457,12456,Pendiente,0,2019-01-08 03:23:34.685,I
458,12457,Pendiente,0,2019-01-08 03:23:34.686,I
459,12458,Pendiente,0,2019-01-08 03:23:34.687,I
460,12459,Pendiente,0,2019-01-08 03:23:34.688,I
461,12460,Pendiente,0,2019-01-08 03:23:34.689,I
462,12461,Pendiente,0,2019-01-08 03:23:34.690,I
463,12462,Pendiente,0,2019-01-08 03:23:34.691,I
464,12463,Pendiente,0,2019-01-08 03:23:34.692,I
465,12464,Pendiente,0,2019-01-08 03:23:34.693,I
466,12465,Pendiente,0,2019-01-08 03:23:34.694,I
467,12466,Pendiente,0,2019-01-08 03:23:34.695,I
468,12467,Pendiente,0,2019-01-08 03:23:34.696,I
469,12468,Pendiente,0,2019-01-08 03:23:34.697,I
470,12469,Pendiente,0,2019-01-08 03:23:34.698,I
471,12470,Pendiente,0,2019-01-08 03:23:34.699,I
472,12471,Pendiente,0,2019-01-08 03:23:34.700,I
473,12472,Pendiente,0,2019-01-08 03:23:34.701,I
474,12473,Pendiente,0,2019-01-08 03:23:34.702,I
475,12474,Pendiente,0,2019-01-08 03:23:34.703,I
476,12475,Pendiente,0,2019-01-08 03:23:34.704,I
477,12476,Pendiente,0,2019-01-08 03:23:34.705,I
478,12477,Pendiente,0,2019-01-08 03:23:34.706,I
479,12478,Pendiente,0,2019-01-08 03:23:34.707,I
480,12479,Pendiente,0,2019-01-08 03:23:34.708,I
481,12480,Pendiente,0,2019-01-08 03:23:34.709,I
482,12481,Pendiente,0,2019-01-08 03:23:34.710,I
483,12482,Pendiente,0,2019-01-08 03:23:34.711,I
484,12483,Pendiente,0,2019-01-08 03:23:34.712,I
485,12484,Pendiente,0,2019-01-08 03:23:34.713,I
486,12485,Pendiente,0,2019-01-08 03:23:34.714,I
487,12486,Pendiente,0,2019-01-08 03:23:34.715,I
488,12487,Pendiente,0,2019-01-08 03:23:34.716,I
489,12488,Pendiente,0,2019-01-08 03:23:34.717,I
490,12489,Pendiente,0,2019-01-08 03:23:34.718,I
491,12490,Pendiente,0,2019-01-08 03:23:34.719,I
492,12491,Pendiente,0,2019-01-08 03:23:34.720,I
493,12492,Pendiente,0,2019-01-08 03:23:34.721,I
494,12493,Pendiente,0,2019-01-08 03:23:34.722,I
495,12494,Pendiente,0,2019-01-08 03:23:34.723,I
496,12495,Pendiente,0,2019-01-08 03:23:34.724,I
497,12496,Pendiente,0,2019-01-08 03:23:34.725,I
498,12497,Pendiente,0,2019-01-08 03:23:34.726,I
499,12498,Pendiente,0,2019-01-08 03:23:34.727,I
500,12499,Pendiente,0,2019-01-08 03:23:34.728,I
1,12500,Pendiente,0,2019-01-08 03:23:34.729,I
2,12501,Pendiente,0,2019-01-08 03:23:34.730,I
3,12502,Pendiente,0,2019-01-08 03:23:34.731,I
4,12503,Pendiente,0,2019-01-08 03:23:34.732,I
5,12504,Pendiente,0,2019-01-08 03:23:34.733,I
6,12505,Pendiente,0,2019-01-08 03:23:34.734,I
7,12506,Pendiente,0,2019-01-08 03:23:34.735,I
8,12507,Pendiente,0,2019-01-08 03:23:34.736,I
9,12508,Pendiente,0,2019-01-08 03:23:34.737,I
10,12509,Pendiente,0,2019-01-08 03:23:34.738,I
11,12510,Pendiente,0,2019-01-08 03:23:34.739,I
12,12511,Pendiente,0,2019-01-08 03:23:34.740,I
13,12512,Pendiente,0,2019-01-08 03:23:34.741,I
14,12513,Pendiente,0,2019-01-08 03:23:34.742,I
15,12514,Pendiente,0,2019-01-08 03:23:34.743,I
16,12515,Pendiente,0,2019-01-08 03:23:34.744,I
17,12516,Pendiente,0,2019-01-08 03:23:34.745,I
18,12517,Pendiente,0,2019-01-08 03:23:34.746,I
19,12518,Pendiente,0,2019-01-08 03:23:34.747,I
20,12519,Pendiente,0,2019-01-08 03:23:34.748,I
21,12520,Pendiente,0,2019-01-08 03:23:34.749,I
22,12521,Pendiente,0,2019-01-08 03:23:34.750,I
23,12522,Pendiente,0,2019-01-08 03:23:34.751,I
24,12523,Pendiente,0,2019-01-08 03:23:34.752,I
25,12524,Pendiente,0,2019-01-08 03:23:34.753,I
26,12525,Pendiente,0,2019-01-08 03:23:34.754,I
27,12526,Pendiente,0,2019-01-08 03:23:34.755,I
28,12527,Pendiente,0,2019-01-08 03:23:34.756,I
29,12528,Pendiente,0,2019-01-08 03:23:34.757,I
30,12529,Pendiente,0,2019-01-08 03:23:34.758,I
31,12530,Pendiente,0,2019-01-08 03:23:34.759,I
32,12531,Pendiente,0,2019-01-08 03:23:34.760,I
33,12532,Pendiente,0,2019-01-08 03:23:34.761,I
34,12533,Pendiente,0,2019-01-08 03:23:34.762,I
35,12534,Pendiente,0,2019-01-08 03:23:34.763,I
36,12535,Pendiente,0,2019-01-08 03:23:34.764,I
37,12536,Pendiente,0,2019-01-08 03:23:34.765,I
38,12537,Pendiente,0,2019-01-08 03:23:34.766,I
39,12538,Pendiente,0,2019-01-08 03:23:34.767,I
40,12539,Pendiente,0,2019-01-08 03:23:34.768,I
41,12540,Pendiente,0,2019-01-08 03:23:34.769,I
42,12541,Pendiente,0,2019-01-08 03:23:34.770,I
43,12542,Pendiente,0,2019-01-08 03:23:34.771,I
44,12543,Pendiente,0,2019-01-08 03:23:34.772,I
45,12544,Pendiente,0,2019-01-08 03:23:34.773,I
46,12545,Pendiente,0,2019-01-08 03:23:34.774,I
47,12546,Pendiente,0,2019-01-08 03:23:34.775,I
48,12547,Pendiente,0,2019-01-08 03:23:34.776,I
49,12548,Pendiente,0,2019-01-08 03:23:34.777,I
50,12549,Pendiente,0,2019-01-08 03:23:34.778,I
51,12550,Pendiente,0,2019-01-08 03:23:34.779,I
52,12551,Pendiente,0,2019-01-08 03:23:34.780,I
53,12552,Pendiente,0,2019-01-08 03:23:34.781,I
54,12553,Pendiente,0,2019-01-08 03:23:34.782,I
55,12554,Pendiente,0,2019-01-08 03:23:34.783,I
56,12555,Pendiente,0,2019-01-08 03:23:34.784,I
57,12556,Pendiente,0,2019-01-08 03:23:34.785,I
58,12557,Pendiente,0,2019-01-08 03:23:34.786,I
59,12558,Pendiente,0,2019-01-08 03:23:34.787,I
60,12559,Pendiente,0,2019-01-08 03:23:34.788,I
61,12560,Pendiente,0,2019-01-08 03:23:34.789,I
62,12561,Pendiente,0,2019-01-08 03:23:34.790,I
63,12562,Pendiente,0,2019-01-08 03:23:34.791,I
64,12563,Pendiente,0,2019-01-08 03:23:34.792,I
65,12564,Pendiente,0,2019-01-08 03:23:34.793,I
66,12565,Pendiente,0,2019-01-08 03:23:34.794,I
67,12566,Pendiente,0,2019-01-08 03:23:34.795,I
68,12567,Pendiente,0,2019-01-08 03:23:34.796,I
69,12568,Pendiente,0,2019-01-08 03:23:34.797,I
70,12569,Pendiente,0,2019-01-08 03:23:34.798,I
71,12570,Pendiente,0,2019-01-08 03:23:34.799,I
72,12571,Pendiente,0,2019-01-08 03:23:34.800,I
73,12572,Pendiente,0,2019-01-08 03:23:34.801,I
74,12573,Pendiente,0,2019-01-08 03:23:34.802,I
75,12574,Pendiente,0,2019-01-08 03:23:34.803,I
76,12575,Pendiente,0,2019-01-08 03:23:34.804,I
77,12576,Pendiente,0,2019-01-08 03:23:34.805,I
78,12577,Pendiente,0,2019-01-08 03:23:34.806,I
79,12578,Pendiente,0,2019-01-08 03:23:34.807,I
80,12579,Pendiente,0,2019-01-08 03:23:34.808,I
81,12580,Pendiente,0,2019-01-08 03:23:34.809,I
82,12581,Pendiente,0,2019-01-08 03:23:34.810,I
83,12582,Pendiente,0,2019-01-08 03:23:34.811,I
84,12583,Pendiente,0,2019-01-08 03:23:34.812,I
85,12584,Pendiente,0,2019-01-08 03:23:34.813,I
86,12585,Pendiente,0,2019-01-08 03:23:34.814,I
87,12586,Pendiente,0,2019-01-08 03:23:34.815,I
88,12587,Pendiente,0,2019-01-08 03:23:34.816,I
89,12588,Pendiente,0,2019-01-08 03:23:34.817,I
90,12589,Pendiente,0,2019-01-08 03:23:34.818,I
91,12590,Pendiente,0,2019-01-08 03:23:34.819,I
92,12591,Pendiente,0,2019-01-08 03:23:34.820,I
93,12592,Pendiente,0,2019-01-08 03:23:34.821,I
94,12593,Pendiente,0,2019-01-08 03:23:34.822,I
95,12594,Pendiente,0,2019-01-08 03:23:34.823,I
96,12595,Pendiente,0,2019-01-08 03:23:34.824,I
97,12596,Pendiente,0,2019-01-08 03:23:34.825,I
98,12597,Pendiente,0,2019-01-08 03:23:34.826,I
99,12598,Pendiente,0,2019-01-08 03:23:34.827,I
100,12599,Pendiente,0,2019-01-08 03:23:34.828,I
101,12600,Pendiente,0,2019-01-08 03:23:34.829,I
102,12601,Pendiente,0,2019-01-08 03:23:34.830,I
103,12602,Pendiente,0,2019-01-08 03:23:34.831,I
104,12603,Pendiente,0,2019-01-08 03:23:34.832,I
105,12604,Pendiente,0,2019-01-08 03:23:34.833,I
106,12605,Pendiente,0,2019-01-08 03:23:34.834,I
107,12606,Pendiente,0,2019-01-08 03:23:34.835,I
108,12607,Pendiente,0,2019-01-08 03:23:34.836,I
109,12608,Pendiente,0,2019-01-08 03:23:34.837,I
110,12609,Pendiente,0,2019-01-08 03:23:34.838,I
111,12610,Pendiente,0,2019-01-08 03:23:34.839,I
112,12611,Pendiente,0,2019-01-08 03:23:34.840,I
113,12612,Pendiente,0,2019-01-08 03:23:34.841,I
114,12613,Pendiente,0,2019-01-08 03:23:34.842,I
115,12614,Pendiente,0,2019-01-08 03:23:34.843,I
116,12615,Pendiente,0,2019-01-08 03:23:34.844,I
117,12616,Pendiente,0,2019-01-08 03:23:34.845,I
118,12617,Pendiente,0,2019-01-08 03:23:34.846,I
119,12618,Pendiente,0,2019-01-08 03:23:34.847,I
120,12619,Pendiente,0,2019-01-08 03:23:34.848,I
121,12620,Pendiente,0,2019-01-08 03:23:34.849,I
122,12621,Pendiente,0,2019-01-08 03:23:34.850,I
123,12622,Pendiente,0,2019-01-08 03:23:34.851,I
124,12623,Pendiente,0,2019-01-08 03:23:34.852,I
125,12624,Pendiente,0,2019-01-08 03:23:34.853,I
126,12625,Pendiente,0,2019-01-08 03:23:34.854,I
127,12626,Pendiente,0,2019-01-08 03:23:34.855,I
128,12627,Pendiente,0,2019-01-08 03:23:34.856,I
129,12628,Pendiente,0,2019-01-08 03:23:34.857,I
130,12629,Pendiente,0,2019-01-08 03:23:34.858,I
131,12630,Pendiente,0,2019-01-08 03:23:34.859,I
132,12631,Pendiente,0,2019-01-08 03:23:34.860,I
133,12632,Pendiente,0,2019-01-08 03:23:34.861,I
134,12633,Pendiente,0,2019-01-08 03:23:34.862,I
135,12634,Pendiente,0,2019-01-08 03:23:34.863,I
136,12635,Pendiente,0,2019-01-08 03:23:34.864,I
137,12636,Pendiente,0,2019-01-08 03:23:34.865,I
138,12637,Pendiente,0,2019-01-08 03:23:34.866,I
139,12638,Pendiente,0,2019-01-08 03:23:34.867,I
140,12639,Pendiente,0,2019-01-08 03:23:34.868,I
141,12640,Pendiente,0,2019-01-08 03:23:34.869,I
142,12641,Pendiente,0,2019-01-08 03:23:34.870,I
143,12642,Pendiente,0,2019-01-08 03:23:34.871,I
144,12643,Pendiente,0,2019-01-08 03:23:34.872,I
145,12644,Pendiente,0,2019-01-08 03:23:34.873,I
146,12645,Pendiente,0,2019-01-08 03:23:34.874,I
147,12646,Pendiente,0,2019-01-08 03:23:34.875,I
148,12647,Pendiente,0,2019-01-08 03:23:34.876,I
149,12648,Pendiente,0,2019-01-08 03:23:34.877,I
150,12649,Pendiente,0,2019-01-08 03:23:34.878,I
151,12650,Pendiente,0,2019-01-08 03:23:34.879,I
152,12651,Pendiente,0,2019-01-08 03:23:34.880,I
153,12652,Pendiente,0,2019-01-08 03:23:34.881,I
154,12653,Pendiente,0,2019-01-08 03:23:34.882,I
155,12654,Pendiente,0,2019-01-08 03:23:34.883,I
156,12655,Pendiente,0,2019-01-08 03:23:34.884,I
157,12656,Pendiente,0,2019-01-08 03:23:34.885,I
158,12657,Pendiente,0,2019-01-08 03:23:34.886,I
159,12658,Pendiente,0,2019-01-08 03:23:34.887,I
160,12659,Pendiente,0,2019-01-08 03:23:34.888,I
161,12660,Pendiente,0,2019-01-08 03:23:34.889,I
162,12661,Pendiente,0,2019-01-08 03:23:34.890,I
163,12662,Pendiente,0,2019-01-08 03:23:34.891,I
164,12663,Pendiente,0,2019-01-08 03:23:34.892,I
165,12664,Pendiente,0,2019-01-08 03:23:34.893,I
166,12665,Pendiente,0,2019-01-08 03:23:34.894,I
167,12666,Pendiente,0,2019-01-08 03:23:34.895,I
168,12667,Pendiente,0,2019-01-08 03:23:34.896,I
169,12668,Pendiente,0,2019-01-08 03:23:34.897,I
170,12669,Pendiente,0,2019-01-08 03:23:34.898,I
171,12670,Pendiente,0,2019-01-08 03:23:34.899,I
172,12671,Pendiente,0,2019-01-08 03:23:34.900,I
173,12672,Pendiente,0,2019-01-08 03:23:34.901,I
174,12673,Pendiente,0,2019-01-08 03:23:34.902,I
175,12674,Pendiente,0,2019-01-08 03:23:34.903,I
176,12675,Pendiente,0,2019-01-08 03:23:34.904,I
177,12676,Pendiente,0,2019-01-08 03:23:34.905,I
178,12677,Pendiente,0,2019-01-08 03:23:34.906,I
179,12678,Pendiente,0,2019-01-08 03:23:34.907,I
180,12679,Pendiente,0,2019-01-08 03:23:34.908,I
181,12680,Pendiente,0,2019-01-08 03:23:34.909,I
182,12681,Pendiente,0,2019-01-08 03:23:34.910,I
183,12682,Pendiente,0,2019-01-08 03:23:34.911,I
184,12683,Pendiente,0,2019-01-08 03:23:34.912,I
185,12684,Pendiente,0,2019-01-08 03:23:34.913,I
186,12685,Pendiente,0,2019-01-08 03:23:34.914,I
187,12686,Pendiente,0,2019-01-08 03:23:34.915,I
188,12687,Pendiente,0,2019-01-08 03:23:34.916,I
189,12688,Pendiente,0,2019-01-08 03:23:34.917,I
190,12689,Pendiente,0,2019-01-08 03:23:34.918,I
191,12690,Pendiente,0,2019-01-08 03:23:34.919,I
192,12691,Pendiente,0,2019-01-08 03:23:34.920,I
193,12692,Pendiente,0,2019-01-08 03:23:34.921,I
194,12693,Pendiente,0,2019-01-08 03:23:34.922,I
195,12694,Pendiente,0,2019-01-08 03:23:34.923,I
196,12695,Pendiente,0,2019-01-08 03:23:34.924,I
197,12696,Pendiente,0,2019-01-08 03:23:34.925,I
198,12697,Pendiente,0,2019-01-08 03:23:34.926,I
199,12698,Pendiente,0,2019-01-08 03:23:34.927,I
200,12699,Pendiente,0,2019-01-08 03:23:34.928,I
201,12700,Pendiente,0,2019-01-08 03:23:34.929,I
202,12701,Pendiente,0,2019-01-08 03:23:34.930,I
203,12702,Pendiente,0,2019-01-08 03:23:34.931,I
204,12703,Pendiente,0,2019-01-08 03:23:34.932,I
205,12704,Pendiente,0,2019-01-08 03:23:34.933,I
206,12705,Pendiente,0,2019-01-08 03:23:34.934,I
207,12706,Pendiente,0,2019-01-08 03:23:34.935,I
208,12707,Pendiente,0,2019-01-08 03:23:34.936,I
209,12708,Pendiente,0,2019-01-08 03:23:34.937,I
210,12709,Pendiente,0,2019-01-08 03:23:34.938,I
211,12710,Pendiente,0,2019-01-08 03:23:34.939,I
212,12711,Pendiente,0,2019-01-08 03:23:34.940,I
213,12712,Pendiente,0,2019-01-08 03:23:34.941,I
214,12713,Pendiente,0,2019-01-08 03:23:34.942,I
215,12714,Pendiente,0,2019-01-08 03:23:34.943,I
216,12715,Pendiente,0,2019-01-08 03:23:34.944,I
217,12716,Pendiente,0,2019-01-08 03:23:34.945,I
218,12717,Pendiente,0,2019-01-08 03:23:34.946,I
219,12718,Pendiente,0,2019-01-08 03:23:34.947,I
220,12719,Pendiente,0,2019-01-08 03:23:34.948,I
221,12720,Pendiente,0,2019-01-08 03:23:34.949,I
222,12721,Pendiente,0,2019-01-08 03:23:34.950,I
223,12722,Pendiente,0,2019-01-08 03:23:34.951,I
224,12723,Pendiente,0,2019-01-08 03:23:34.952,I
225,12724,Pendiente,0,2019-01-08 03:23:34.953,I
226,12725,Pendiente,0,2019-01-08 03:23:34.954,I
227,12726,Pendiente,0,2019-01-08 03:23:34.955,I
228,12727,Pendiente,0,2019-01-08 03:23:34.956,I
229,12728,Pendiente,0,2019-01-08 03:23:34.957,I
230,12729,Pendiente,0,2019-01-08 03:23:34.958,I
231,12730,Pendiente,0,2019-01-08 03:23:34.959,I
232,12731,Pendiente,0,2019-01-08 03:23:34.960,I
233,12732,Pendiente,0,2019-01-08 03:23:34.961,I
234,12733,Pendiente,0,2019-01-08 03:23:34.962,I
235,12734,Pendiente,0,2019-01-08 03:23:34.963,I
236,12735,Pendiente,0,2019-01-08 03:23:34.964,I
237,12736,Pendiente,0,2019-01-08 03:23:34.965,I
238,12737,Pendiente,0,2019-01-08 03:23:34.966,I
239,12738,Pendiente,0,2019-01-08 03:23:34.967,I
240,12739,Pendiente,0,2019-01-08 03:23:34.968,I
241,12740,Pendiente,0,2019-01-08 03:23:34.969,I
242,12741,Pendiente,0,2019-01-08 03:23:34.970,I
243,12742,Pendiente,0,2019-01-08 03:23:34.971,I
244,12743,Pendiente,0,2019-01-08 03:23:34.972,I
245,12744,Pendiente,0,2019-01-08 03:23:34.973,I
246,12745,Pendiente,0,2019-01-08 03:23:34.974,I
247,12746,Pendiente,0,2019-01-08 03:23:34.975,I
248,12747,Pendiente,0,2019-01-08 03:23:34.976,I
249,12748,Pendiente,0,2019-01-08 03:23:34.977,I
250,12749,Pendiente,0,2019-01-08 03:23:34.978,I
251,12750,Pendiente,0,2019-01-08 03:23:34.979,I
252,12751,Pendiente,0,2019-01-08 03:23:34.980,I
253,12752,Pendiente,0,2019-01-08 03:23:34.981,I
254,12753,Pendiente,0,2019-01-08 03:23:34.982,I
255,12754,Pendiente,0,2019-01-08 03:23:34.983,I
256,12755,Pendiente,0,2019-01-08 03:23:34.984,I
257,12756,Pendiente,0,2019-01-08 03:23:34.985,I
258,12757,Pendiente,0,2019-01-08 03:23:34.986,I
259,12758,Pendiente,0,2019-01-08 03:23:34.987,I
260,12759,Pendiente,0,2019-01-08 03:23:34.988,I
261,12760,Pendiente,0,2019-01-08 03:23:34.989,I
262,12761,Pendiente,0,2019-01-08 03:23:34.990,I
263,12762,Pendiente,0,2019-01-08 03:23:34.991,I
264,12763,Pendiente,0,2019-01-08 03:23:34.992,I
265,12764,Pendiente,0,2019-01-08 03:23:34.993,I
266,12765,Pendiente,0,2019-01-08 03:23:34.994,I
267,12766,Pendiente,0,2019-01-08 03:23:34.995,I
268,12767,Pendiente,0,2019-01-08 03:23:34.996,I
269,12768,Pendiente,0,2019-01-08 03:23:34.997,I
270,12769,Pendiente,0,2019-01-08 03:23:34.998,I
271,12770,Pendiente,0,2019-01-08 03:23:34.999,I
272,12771,Pendiente,0,2019-01-08 03:23:34.1000,I
273,12772,Pendiente,0,2019-01-08 03:23:34.1001,I
274,12773,Pendiente,0,2019-01-08 03:23:34.1002,I
275,12774,Pendiente,0,2019-01-08 03:23:34.1003,I
276,12775,Pendiente,0,2019-01-08 03:23:34.1004,I
277,12776,Pendiente,0,2019-01-08 03:23:34.1005,I
278,12777,Pendiente,0,2019-01-08 03:23:34.1006,I
279,12778,Pendiente,0,2019-01-08 03:23:34.1007,I
280,12779,Pendiente,0,2019-01-08 03:23:34.1008,I
281,12780,Pendiente,0,2019-01-08 03:23:34.1009,I
282,12781,Pendiente,0,2019-01-08 03:23:34.1010,I
283,12782,Pendiente,0,2019-01-08 03:23:34.1011,I
284,12783,Pendiente,0,2019-01-08 03:23:34.1012,I
285,12784,Pendiente,0,2019-01-08 03:23:34.1013,I
286,12785,Pendiente,0,2019-01-08 03:23:34.1014,I
287,12786,Pendiente,0,2019-01-08 03:23:34.1015,I
288,12787,Pendiente,0,2019-01-08 03:23:34.1016,I
289,12788,Pendiente,0,2019-01-08 03:23:34.1017,I
290,12789,Pendiente,0,2019-01-08 03:23:34.1018,I
291,12790,Pendiente,0,2019-01-08 03:23:34.1019,I
292,12791,Pendiente,0,2019-01-08 03:23:34.1020,I
293,12792,Pendiente,0,2019-01-08 03:23:34.1021,I
294,12793,Pendiente,0,2019-01-08 03:23:34.1022,I
295,12794,Pendiente,0,2019-01-08 03:23:34.1023,I
296,12795,Pendiente,0,2019-01-08 03:23:34.1024,I
297,12796,Pendiente,0,2019-01-08 03:23:34.1025,I
298,12797,Pendiente,0,2019-01-08 03:23:34.1026,I
299,12798,Pendiente,0,2019-01-08 03:23:34.1027,I
300,12799,Pendiente,0,2019-01-08 03:23:34.1028,I
301,12800,Pendiente,0,2019-01-08 03:23:34.1029,I
302,12801,Pendiente,0,2019-01-08 03:23:34.1030,I
303,12802,Pendiente,0,2019-01-08 03:23:34.1031,I
304,12803,Pendiente,0,2019-01-08 03:23:34.1032,I
305,12804,Pendiente,0,2019-01-08 03:23:34.1033,I
306,12805,Pendiente,0,2019-01-08 03:23:34.1034,I
307,12806,Pendiente,0,2019-01-08 03:23:34.1035,I
308,12807,Pendiente,0,2019-01-08 03:23:34.1036,I
309,12808,Pendiente,0,2019-01-08 03:23:34.1037,I
310,12809,Pendiente,0,2019-01-08 03:23:34.1038,I
311,12810,Pendiente,0,2019-01-08 03:23:34.1039,I
312,12811,Pendiente,0,2019-01-08 03:23:34.1040,I
313,12812,Pendiente,0,2019-01-08 03:23:34.1041,I
314,12813,Pendiente,0,2019-01-08 03:23:34.1042,I
315,12814,Pendiente,0,2019-01-08 03:23:34.1043,I
316,12815,Pendiente,0,2019-01-08 03:23:34.1044,I
317,12816,Pendiente,0,2019-01-08 03:23:34.1045,I
318,12817,Pendiente,0,2019-01-08 03:23:34.1046,I
319,12818,Pendiente,0,2019-01-08 03:23:34.1047,I
320,12819,Pendiente,0,2019-01-08 03:23:34.1048,I
321,12820,Pendiente,0,2019-01-08 03:23:34.1049,I
322,12821,Pendiente,0,2019-01-08 03:23:34.1050,I
323,12822,Pendiente,0,2019-01-08 03:23:34.1051,I
324,12823,Pendiente,0,2019-01-08 03:23:34.1052,I
325,12824,Pendiente,0,2019-01-08 03:23:34.1053,I
326,12825,Pendiente,0,2019-01-08 03:23:34.1054,I
327,12826,Pendiente,0,2019-01-08 03:23:34.1055,I
328,12827,Pendiente,0,2019-01-08 03:23:34.1056,I
329,12828,Pendiente,0,2019-01-08 03:23:34.1057,I
330,12829,Pendiente,0,2019-01-08 03:23:34.1058,I
331,12830,Pendiente,0,2019-01-08 03:23:34.1059,I
332,12831,Pendiente,0,2019-01-08 03:23:34.1060,I
333,12832,Pendiente,0,2019-01-08 03:23:34.1061,I
334,12833,Pendiente,0,2019-01-08 03:23:34.1062,I
335,12834,Pendiente,0,2019-01-08 03:23:34.1063,I
336,12835,Pendiente,0,2019-01-08 03:23:34.1064,I
337,12836,Pendiente,0,2019-01-08 03:23:34.1065,I
338,12837,Pendiente,0,2019-01-08 03:23:34.1066,I
339,12838,Pendiente,0,2019-01-08 03:23:34.1067,I
340,12839,Pendiente,0,2019-01-08 03:23:34.1068,I
341,12840,Pendiente,0,2019-01-08 03:23:34.1069,I
342,12841,Pendiente,0,2019-01-08 03:23:34.1070,I
343,12842,Pendiente,0,2019-01-08 03:23:34.1071,I
344,12843,Pendiente,0,2019-01-08 03:23:34.1072,I
345,12844,Pendiente,0,2019-01-08 03:23:34.1073,I
346,12845,Pendiente,0,2019-01-08 03:23:34.1074,I
347,12846,Pendiente,0,2019-01-08 03:23:34.1075,I
348,12847,Pendiente,0,2019-01-08 03:23:34.1076,I
349,12848,Pendiente,0,2019-01-08 03:23:34.1077,I
350,12849,Pendiente,0,2019-01-08 03:23:34.1078,I
351,12850,Pendiente,0,2019-01-08 03:23:34.1079,I
352,12851,Pendiente,0,2019-01-08 03:23:34.1080,I
353,12852,Pendiente,0,2019-01-08 03:23:34.1081,I
354,12853,Pendiente,0,2019-01-08 03:23:34.1082,I
355,12854,Pendiente,0,2019-01-08 03:23:34.1083,I
356,12855,Pendiente,0,2019-01-08 03:23:34.1084,I
357,12856,Pendiente,0,2019-01-08 03:23:34.1085,I
358,12857,Pendiente,0,2019-01-08 03:23:34.1086,I
359,12858,Pendiente,0,2019-01-08 03:23:34.1087,I
360,12859,Pendiente,0,2019-01-08 03:23:34.1088,I
361,12860,Pendiente,0,2019-01-08 03:23:34.1089,I
362,12861,Pendiente,0,2019-01-08 03:23:34.1090,I
363,12862,Pendiente,0,2019-01-08 03:23:34.1091,I
364,12863,Pendiente,0,2019-01-08 03:23:34.1092,I
365,12864,Pendiente,0,2019-01-08 03:23:34.1093,I
366,12865,Pendiente,0,2019-01-08 03:23:34.1094,I
367,12866,Pendiente,0,2019-01-08 03:23:34.1095,I
368,12867,Pendiente,0,2019-01-08 03:23:34.1096,I
369,12868,Pendiente,0,2019-01-08 03:23:34.1097,I
370,12869,Pendiente,0,2019-01-08 03:23:34.1098,I
371,12870,Pendiente,0,2019-01-08 03:23:34.1099,I
372,12871,Pendiente,0,2019-01-08 03:23:34.1100,I
373,12872,Pendiente,0,2019-01-08 03:23:34.1101,I
374,12873,Pendiente,0,2019-01-08 03:23:34.1102,I
375,12874,Pendiente,0,2019-01-08 03:23:34.1103,I
376,12875,Pendiente,0,2019-01-08 03:23:34.1104,I
377,12876,Pendiente,0,2019-01-08 03:23:34.1105,I
378,12877,Pendiente,0,2019-01-08 03:23:34.1106,I
379,12878,Pendiente,0,2019-01-08 03:23:34.1107,I
380,12879,Pendiente,0,2019-01-08 03:23:34.1108,I
381,12880,Pendiente,0,2019-01-08 03:23:34.1109,I
382,12881,Pendiente,0,2019-01-08 03:23:34.1110,I
383,12882,Pendiente,0,2019-01-08 03:23:34.1111,I
384,12883,Pendiente,0,2019-01-08 03:23:34.1112,I
385,12884,Pendiente,0,2019-01-08 03:23:34.1113,I
386,12885,Pendiente,0,2019-01-08 03:23:34.1114,I
387,12886,Pendiente,0,2019-01-08 03:23:34.1115,I
388,12887,Pendiente,0,2019-01-08 03:23:34.1116,I
389,12888,Pendiente,0,2019-01-08 03:23:34.1117,I
390,12889,Pendiente,0,2019-01-08 03:23:34.1118,I
391,12890,Pendiente,0,2019-01-08 03:23:34.1119,I
392,12891,Pendiente,0,2019-01-08 03:23:34.1120,I
393,12892,Pendiente,0,2019-01-08 03:23:34.1121,I
394,12893,Pendiente,0,2019-01-08 03:23:34.1122,I
395,12894,Pendiente,0,2019-01-08 03:23:34.1123,I
396,12895,Pendiente,0,2019-01-08 03:23:34.1124,I
397,12896,Pendiente,0,2019-01-08 03:23:34.1125,I
398,12897,Pendiente,0,2019-01-08 03:23:34.1126,I
399,12898,Pendiente,0,2019-01-08 03:23:34.1127,I
400,12899,Pendiente,0,2019-01-08 03:23:34.1128,I
401,12900,Pendiente,0,2019-01-08 03:23:34.1129,I
402,12901,Pendiente,0,2019-01-08 03:23:34.1130,I
403,12902,Pendiente,0,2019-01-08 03:23:34.1131,I
404,12903,Pendiente,0,2019-01-08 03:23:34.1132,I
405,12904,Pendiente,0,2019-01-08 03:23:34.1133,I
406,12905,Pendiente,0,2019-01-08 03:23:34.1134,I
407,12906,Pendiente,0,2019-01-08 03:23:34.1135,I
408,12907,Pendiente,0,2019-01-08 03:23:34.1136,I
409,12908,Pendiente,0,2019-01-08 03:23:34.1137,I
410,12909,Pendiente,0,2019-01-08 03:23:34.1138,I
411,12910,Pendiente,0,2019-01-08 03:23:34.1139,I
412,12911,Pendiente,0,2019-01-08 03:23:34.1140,I
413,12912,Pendiente,0,2019-01-08 03:23:34.1141,I
414,12913,Pendiente,0,2019-01-08 03:23:34.1142,I
415,12914,Pendiente,0,2019-01-08 03:23:34.1143,I
416,12915,Pendiente,0,2019-01-08 03:23:34.1144,I
417,12916,Pendiente,0,2019-01-08 03:23:34.1145,I
418,12917,Pendiente,0,2019-01-08 03:23:34.1146,I
419,12918,Pendiente,0,2019-01-08 03:23:34.1147,I
420,12919,Pendiente,0,2019-01-08 03:23:34.1148,I
421,12920,Pendiente,0,2019-01-08 03:23:34.1149,I
422,12921,Pendiente,0,2019-01-08 03:23:34.1150,I
423,12922,Pendiente,0,2019-01-08 03:23:34.1151,I
424,12923,Pendiente,0,2019-01-08 03:23:34.1152,I
425,12924,Pendiente,0,2019-01-08 03:23:34.1153,I
426,12925,Pendiente,0,2019-01-08 03:23:34.1154,I
427,12926,Pendiente,0,2019-01-08 03:23:34.1155,I
428,12927,Pendiente,0,2019-01-08 03:23:34.1156,I
429,12928,Pendiente,0,2019-01-08 03:23:34.1157,I
430,12929,Pendiente,0,2019-01-08 03:23:34.1158,I
431,12930,Pendiente,0,2019-01-08 03:23:34.1159,I
432,12931,Pendiente,0,2019-01-08 03:23:34.1160,I
433,12932,Pendiente,0,2019-01-08 03:23:34.1161,I
434,12933,Pendiente,0,2019-01-08 03:23:34.1162,I
435,12934,Pendiente,0,2019-01-08 03:23:34.1163,I
436,12935,Pendiente,0,2019-01-08 03:23:34.1164,I
437,12936,Pendiente,0,2019-01-08 03:23:34.1165,I
438,12937,Pendiente,0,2019-01-08 03:23:34.1166,I
439,12938,Pendiente,0,2019-01-08 03:23:34.1167,I
440,12939,Pendiente,0,2019-01-08 03:23:34.1168,I
441,12940,Pendiente,0,2019-01-08 03:23:34.1169,I
442,12941,Pendiente,0,2019-01-08 03:23:34.1170,I
443,12942,Pendiente,0,2019-01-08 03:23:34.1171,I
444,12943,Pendiente,0,2019-01-08 03:23:34.1172,I
445,12944,Pendiente,0,2019-01-08 03:23:34.1173,I
446,12945,Pendiente,0,2019-01-08 03:23:34.1174,I
447,12946,Pendiente,0,2019-01-08 03:23:34.1175,I
448,12947,Pendiente,0,2019-01-08 03:23:34.1176,I
449,12948,Pendiente,0,2019-01-08 03:23:34.1177,I
450,12949,Pendiente,0,2019-01-08 03:23:34.1178,I
451,12950,Pendiente,0,2019-01-08 03:23:34.1179,I
452,12951,Pendiente,0,2019-01-08 03:23:34.1180,I
453,12952,Pendiente,0,2019-01-08 03:23:34.1181,I
454,12953,Pendiente,0,2019-01-08 03:23:34.1182,I
455,12954,Pendiente,0,2019-01-08 03:23:34.1183,I
456,12955,Pendiente,0,2019-01-08 03:23:34.1184,I
457,12956,Pendiente,0,2019-01-08 03:23:34.1185,I
458,12957,Pendiente,0,2019-01-08 03:23:34.1186,I
459,12958,Pendiente,0,2019-01-08 03:23:34.1187,I
460,12959,Pendiente,0,2019-01-08 03:23:34.1188,I
461,12960,Pendiente,0,2019-01-08 03:23:34.1189,I
462,12961,Pendiente,0,2019-01-08 03:23:34.1190,I
463,12962,Pendiente,0,2019-01-08 03:23:34.1191,I
464,12963,Pendiente,0,2019-01-08 03:23:34.1192,I
465,12964,Pendiente,0,2019-01-08 03:23:34.1193,I
466,12965,Pendiente,0,2019-01-08 03:23:34.1194,I
467,12966,Pendiente,0,2019-01-08 03:23:34.1195,I
468,12967,Pendiente,0,2019-01-08 03:23:34.1196,I
469,12968,Pendiente,0,2019-01-08 03:23:34.1197,I
470,12969,Pendiente,0,2019-01-08 03:23:34.1198,I
471,12970,Pendiente,0,2019-01-08 03:23:34.1199,I
472,12971,Pendiente,0,2019-01-08 03:23:34.1200,I
473,12972,Pendiente,0,2019-01-08 03:23:34.1201,I
474,12973,Pendiente,0,2019-01-08 03:23:34.1202,I
475,12974,Pendiente,0,2019-01-08 03:23:34.1203,I
476,12975,Pendiente,0,2019-01-08 03:23:34.1204,I
477,12976,Pendiente,0,2019-01-08 03:23:34.1205,I
478,12977,Pendiente,0,2019-01-08 03:23:34.1206,I
479,12978,Pendiente,0,2019-01-08 03:23:34.1207,I
480,12979,Pendiente,0,2019-01-08 03:23:34.1208,I
481,12980,Pendiente,0,2019-01-08 03:23:34.1209,I
482,12981,Pendiente,0,2019-01-08 03:23:34.1210,I
483,12982,Pendiente,0,2019-01-08 03:23:34.1211,I
484,12983,Pendiente,0,2019-01-08 03:23:34.1212,I
485,12984,Pendiente,0,2019-01-08 03:23:34.1213,I
486,12985,Pendiente,0,2019-01-08 03:23:34.1214,I
487,12986,Pendiente,0,2019-01-08 03:23:34.1215,I
488,12987,Pendiente,0,2019-01-08 03:23:34.1216,I
489,12988,Pendiente,0,2019-01-08 03:23:34.1217,I
490,12989,Pendiente,0,2019-01-08 03:23:34.1218,I
491,12990,Pendiente,0,2019-01-08 03:23:34.1219,I
492,12991,Pendiente,0,2019-01-08 03:23:34.1220,I
493,12992,Pendiente,0,2019-01-08 03:23:34.1221,I
494,12993,Pendiente,0,2019-01-08 03:23:34.1222,I
495,12994,Pendiente,0,2019-01-08 03:23:34.1223,I
496,12995,Pendiente,0,2019-01-08 03:23:34.1224,I
497,12996,Pendiente,0,2019-01-08 03:23:34.1225,I
498,12997,Pendiente,0,2019-01-08 03:23:34.1226,I
499,12998,Pendiente,0,2019-01-08 03:23:34.1227,I
500,12999,Pendiente,0,2019-01-08 03:23:34.1228,I