Email,Time_Out,Password,FK_Id_Person,Flag,Data_Sesion
HERNAN_DARIOMEJIA1@gmail.com,2019-10-01 05:23:34.234,11784ASQ,1,I,2019-10-01 03:23:34.234
PAOLA_ANDREALOPEZ1@gmail.com,2019-10-02 07:25:34.235,12590ASQ,2,I,2019-10-02 04:25:34.235
JOHN_FREDYRAMIREZ1@gmail.com,2019-10-02 07:25:34.236,12757ASQ,3,I,2019-10-03 04:25:34.236
JohnRamirez1@gmail.com,2019-10-02 07:25:34.237,12757ASQ,4,I,2019-10-04 04:25:34.237
YALENAALVARADO1@gmail.com,2019-10-02 07:25:34.238,12765ASQ,5,I,2019-10-05 04:25:34.238
YalenaAlvarado1@gmail.com,2019-10-02 07:25:34.239,12765ASQ,6,I,2019-10-06 04:25:34.239
MIGDALIA_ELENAURREA1@gmail.com,2019-10-02 07:25:34.240,12782ASQ,7,I,2019-10-07 04:25:34.240
MigdaliaUrrea1@gmail.com,2019-10-02 07:25:34.241,12782ASQ,8,I,2019-10-08 04:25:34.241
ANNY_MARGOTHOSPINA1@gmail.com,2019-10-02 07:25:34.242,12826ASQ,9,I,2019-10-09 04:25:34.242
AnnyOspina1@gmail.com,2019-10-02 07:25:34.243,12826ASQ,10,I,2019-10-10 04:25:34.243
JULIO_CALVIN_NICOLASPOMARE1@gmail.com,2019-10-02 07:25:34.244,13519ASQ,11,I,2019-10-11 04:25:34.244
CalvinPomare1@gmail.com,2019-10-02 07:25:34.245,13519ASQ,12,I,2019-10-12 04:25:34.245
ARCO_AMANDA_MERCEDESALCALA1@gmail.com,2019-10-02 07:25:34.246,13566ASQ,13,I,2019-10-13 04:25:34.246
AmandaAlcala1@gmail.com,2019-10-02 07:25:34.247,13566ASQ,14,I,2019-10-14 04:25:34.247
ALEXANDERALZATE1@gmail.com,2019-10-02 07:25:34.248,13579ASQ,15,I,2019-10-15 04:25:34.248
AlexanderAlzate1@gmail.com,2019-10-02 07:25:34.249,13579ASQ,16,I,2019-10-16 04:25:34.249
EDWIN_ALFONSOLINCE1@gmail.com,2019-10-02 07:25:34.250,16150ASQ,17,I,2019-10-17 04:25:34.250
EdwinLince1@gmail.com,2019-10-02 07:25:34.251,16150ASQ,18,I,2019-10-18 04:25:34.251
SANDRA_JANNETHRIAÑO1@gmail.com,2019-10-02 07:25:34.252,20003ASQ,19,I,2019-10-19 04:25:34.252
LIGIAAGUDELO1@gmail.com,2019-10-02 07:25:34.253,20667ASQ,20,I,2019-10-20 04:25:34.253
NATALIA_MILENAZAPATA1@gmail.com,2019-10-02 07:25:34.254,22130ASQ,21,I,2019-10-21 04:25:34.254
LUZ_CARIDADZAPATA1@gmail.com,2019-10-02 07:25:34.255,22905ASQ,22,I,2019-10-22 04:25:34.255
AURA_ESTHERRUDAS1@gmail.com,2019-10-02 07:25:34.256,22928ASQ,23,I,2019-10-23 04:25:34.256
MONICA_JANETHYEPES1@gmail.com,2019-10-02 07:25:34.257,22938ASQ,24,I,2019-10-24 04:25:34.257
PAULA_ANDREAESTRADA1@gmail.com,2019-10-02 07:25:34.258,22947ASQ,25,I,2019-10-25 04:25:34.258
NORMA_LUCIABUSTAMANTE1@gmail.com,2019-10-02 07:25:34.259,22966ASQ,26,I,2019-10-26 04:25:34.259
EDSON_ALFONSOCASTAÑEDA1@gmail.com,2019-10-02 07:25:34.260,23033ASQ,27,I,2019-10-27 04:25:34.260
BEATRIZ_ELENAVELASQUEZ1@gmail.com,2019-10-02 07:25:34.261,23071ASQ,28,I,2019-10-28 04:25:34.261
PAULA_ANDREAZULUAGA1@gmail.com,2019-10-02 07:25:34.262,23489ASQ,29,I,2019-10-29 04:25:34.262
CATALINACADAVID1@gmail.com,2019-10-02 07:25:34.263,23499ASQ,30,I,2019-10-30 04:25:34.263
ROBERTO_ANTONIOCADAVID1@gmail.com,2019-10-02 07:25:34.264,23501ASQ,31,I,2019-10-31 04:25:34.264
NURY_MARCELARAMIREZ1@gmail.com,2019-10-02 07:25:34.265,23547ASQ,32,I,2019-09-01 04:25:34.265
MAURICIOROJAS1@gmail.com,2019-10-02 07:25:34.266,24373ASQ,33,I,2019-09-02 04:25:34.266
SERGIO_ALBERTOPIEDRAHITA1@gmail.com,2019-10-02 07:25:34.267,24395ASQ,34,I,2019-09-03 04:25:34.267
SergioPiedrahita1@gmail.com,2019-10-02 07:25:34.268,24395ASQ,35,I,2019-09-04 04:25:34.268
BAIRON_DEAGUDELO1@gmail.com,2019-10-02 07:25:34.269,24401ASQ,36,I,2019-09-05 04:25:34.269
MARCO_ANTONIORODRIGUEZ1@gmail.com,2019-10-02 07:25:34.270,25105ASQ,37,I,2019-09-06 04:25:34.270
DIANA_PATRICIASILGADO1@gmail.com,2019-10-02 07:25:34.271,25241ASQ,38,I,2019-09-07 04:25:34.271
KATHERINE_JULIETHSOLANO1@gmail.com,2019-10-02 07:25:34.272,25265ASQ,39,I,2019-09-08 04:25:34.272
LUZ_ANEIDERVILLEGAS1@gmail.com,2019-10-02 07:25:34.273,26110ASQ,40,I,2019-09-09 04:25:34.273
JUAN_CARLOSSEPULVEDA1@gmail.com,2019-10-02 07:25:34.274,26168ASQ,41,I,2019-09-10 04:25:34.274
JuanSepulveda1@gmail.com,2019-10-02 07:25:34.275,26168ASQ,42,I,2019-09-11 04:25:34.275
FRANCY_ELENALOAIZA1@gmail.com,2019-10-02 07:25:34.276,26286ASQ,43,I,2019-09-12 04:25:34.276
FrancyLoaiza1@gmail.com,2019-10-02 07:25:34.277,26286ASQ,44,I,2019-09-13 04:25:34.277
MONICA_MARIATAMAYO1@gmail.com,2019-10-02 07:25:34.278,26290ASQ,45,I,2019-09-14 04:25:34.278
MonicaTamayo1@gmail.com,2019-10-02 07:25:34.279,26290ASQ,46,I,2019-09-15 04:25:34.279
SANDRA_MILENACORTES1@gmail.com,2019-10-02 07:25:34.280,26928ASQ,47,I,2019-09-16 04:25:34.280
JULY_MARCELAGAMBA1@gmail.com,2019-10-02 07:25:34.281,26955ASQ,48,I,2019-09-17 04:25:34.281
ELIZABETHHERRERA1@gmail.com,2019-10-02 07:25:34.282,27419ASQ,49,I,2019-09-18 04:25:34.282
MARYSOLJIMENEZ1@gmail.com,2019-10-02 07:25:34.283,27607ASQ,50,I,2019-09-19 04:25:34.283
MARYSOLJIMENEZ1@gmail.com,2019-10-02 07:25:34.284,27607ASQ,51,I,2019-09-20 04:25:34.284
LILIANAGIL1@gmail.com,2019-10-02 07:25:34.285,27665ASQ,52,I,2019-09-21 04:25:34.285
LIZETH_TATIANACORREA1@gmail.com,2019-10-02 07:25:34.286,27673ASQ,53,I,2019-09-22 04:25:34.286
JANETH_ASTRIDCASTRO1@gmail.com,2019-10-02 07:25:34.287,27798ASQ,54,I,2019-09-23 04:25:34.287
VANESSAGONZALEZ1@gmail.com,2019-10-02 07:25:34.288,27870ASQ,55,I,2019-09-24 04:25:34.288
FRANCYS_LILIANAQUINTERO1@gmail.com,2019-10-02 07:25:34.289,27879ASQ,56,I,2019-09-25 04:25:34.289
LUISA_FERNANDAGARCIA1@gmail.com,2019-10-02 07:25:34.290,27887ASQ,57,I,2019-09-26 04:25:34.290
MARIA_ANGELICADIAZ1@gmail.com,2019-10-02 07:25:34.291,27974ASQ,58,I,2019-09-27 04:25:34.291
HECTOR_ALONSOBELTRAN1@gmail.com,2019-10-02 07:25:34.292,27979ASQ,59,I,2019-09-28 04:25:34.292
LUZ_ESTELALOPEZ1@gmail.com,2019-10-02 07:25:34.293,28031ASQ,60,I,2019-09-29 04:25:34.293
ALEXANDRA_MILENAROLON1@gmail.com,2019-10-02 07:25:34.294,28054ASQ,61,I,2019-09-30 04:25:34.294
DIANA_CAROLINAMANRIQUE1@gmail.com,2019-10-02 07:25:34.295,28055ASQ,62,I,2019-09-30 04:25:34.295
ELIZABETH_CRISTINAMUÑOZ1@gmail.com,2019-10-02 07:25:34.296,28184ASQ,63,I,2019-11-01  04:25:34.296
LILIANA_SOFIANOREÑA1@gmail.com,2019-10-02 07:25:34.297,28417ASQ,64,I,2019-11-02 04:25:34.297
DIANA_MERCEDESLOZANO1@gmail.com,2019-10-02 07:25:34.298,28596ASQ,65,I,2019-11-03 04:25:34.298
DianaLozano1@gmail.com,2019-10-02 07:25:34.299,28596ASQ,66,I,2019-11-04 04:25:34.299
JORGE_ANDRESVIVARES1@gmail.com,2019-10-02 07:25:34.300,28656ASQ,67,I,2019-11-05 04:25:34.300
JorgeVivares1@gmail.com,2019-10-02 07:25:34.301,28656ASQ,68,I,2019-11-06 04:25:34.301
JULIETAGORDON1@gmail.com,2019-10-02 07:25:34.302,28700ASQ,69,I,2019-11-07 04:25:34.302
JulietaGordon1@gmail.com,2019-10-02 07:25:34.303,28700ASQ,70,I,2019-11-08 04:25:34.303
YENY_PATRICIABOLAÑOS1@gmail.com,2019-10-02 07:25:34.304,28774ASQ,71,I,2019-11-09 04:25:34.304
YenyBola?os1@gmail.com,2019-10-02 07:25:34.305,28774ASQ,72,I,2019-11-10 04:25:34.305
LUIS_FERNANDOVILLA1@gmail.com,2019-10-02 07:25:34.306,34133ASQ,73,I,2019-11-11 04:25:34.306
LuisVilla1@gmail.com,2019-10-02 07:25:34.307,34133ASQ,74,I,2019-11-12 04:25:34.307
ROSIBELCARPIO1@gmail.com,2019-10-02 07:25:34.308,35426ASQ,75,I,2019-11-13 04:25:34.308
RosibelCarpio1@gmail.com,2019-10-02 07:25:34.309,35426ASQ,76,I,2019-11-14 04:25:34.309
ANDREA_CAROLINAGAITAN1@gmail.com,2019-10-02 07:25:34.310,35529ASQ,77,I,2019-11-15 04:25:34.310
AndreaGaitan1@gmail.com,2019-10-02 07:25:34.311,35529ASQ,78,I,2019-10-01 03:23:34.234
CAROLINA_ANDREAGARCIA1@gmail.com,2019-10-02 07:25:34.312,35661ASQ,79,I,2019-10-02 04:25:34.235
JESICA_JOHANAPEREZ1@gmail.com,2019-10-02 07:25:34.313,36290ASQ,80,I,2019-10-03 04:25:34.236
MARTHA_YANETHOSMA1@gmail.com,2019-10-02 07:25:34.314,36302ASQ,81,I,2019-10-04 04:25:34.237
MarthaOsma1@gmail.com,2019-10-02 07:25:34.315,36302ASQ,82,I,2019-10-05 04:25:34.238
MARIA_CAMILAOSPINA1@gmail.com,2019-10-02 07:25:34.316,36433ASQ,83,I,2019-10-06 04:25:34.239
MariaOspina1@gmail.com,2019-10-02 07:25:34.317,36433ASQ,84,I,2019-10-07 04:25:34.240
ANA_MARIASANCHEZ1@gmail.com,2019-10-02 07:25:34.318,36536ASQ,85,I,2019-10-08 04:25:34.241
DIANAHENAO1@gmail.com,2019-10-02 07:25:34.319,36578ASQ,86,I,2019-10-09 04:25:34.242
JOHN_EIDERCANO1@gmail.com,2019-10-02 07:25:34.320,36631ASQ,87,I,2019-10-10 04:25:34.243
JohnCano1@gmail.com,2019-10-02 07:25:34.321,36631ASQ,88,I,2019-10-11 04:25:34.244
STEFANY_DELCARMEN1@gmail.com,2019-10-02 07:25:34.322,36793ASQ,89,I,2019-10-12 04:25:34.245
JUAN_DAVIDMONTOYA1@gmail.com,2019-10-02 07:25:34.323,36814ASQ,90,I,2019-10-13 04:25:34.246
YENNY_YAMILEARISTIZABAL1@gmail.com,2019-10-02 07:25:34.324,36866ASQ,91,I,2019-10-14 04:25:34.247
CINDY_JULIERTHCATAÑO1@gmail.com,2019-10-02 07:25:34.325,37257ASQ,92,I,2019-10-15 04:25:34.248
SEBASTIAN_ANTONIOMONTOYA1@gmail.com,2019-10-02 07:25:34.326,37368ASQ,93,I,2019-10-16 04:25:34.249
LINA_MARCELAMUNERA1@gmail.com,2019-10-02 07:25:34.327,37395ASQ,94,I,2019-10-17 04:25:34.250
YAMILETHCARVAJAL1@gmail.com,2019-10-02 07:25:34.328,37434ASQ,95,I,2019-10-18 04:25:34.251
LAURA_YESENIAJARAMILLO1@gmail.com,2019-10-02 07:25:34.329,37552ASQ,96,I,2019-10-19 04:25:34.252
LauraJaramillo1@gmail.com,2019-10-02 07:25:34.330,37552ASQ,97,I,2019-10-20 04:25:34.253
ANA_MARIAESTRADA1@gmail.com,2019-10-02 07:25:34.331,37578ASQ,98,I,2019-10-21 04:25:34.254
CAROLINAALVAREZ1@gmail.com,2019-10-02 07:25:34.332,37651ASQ,99,I,2019-10-22 04:25:34.255
JAVIER_ALFONSOALMEIDA1@gmail.com,2019-10-02 07:25:34.333,37702ASQ,100,I,2019-10-23 04:25:34.256
SAHILY_ALEXANDRAOROZCO1@gmail.com,2019-10-02 07:25:34.334,37804ASQ,101,I,2019-10-24 04:25:34.257
MARIA_YURANYCHAVARRIA1@gmail.com,2019-10-02 07:25:34.335,37814ASQ,102,I,2019-10-25 04:25:34.258
MariaChavarria1@gmail.com,2019-10-02 07:25:34.336,37814ASQ,103,I,2019-10-26 04:25:34.259
MONICA_MARIAAGUIRRE1@gmail.com,2019-10-02 07:25:34.337,38282ASQ,104,I,2019-10-27 04:25:34.260
LINA_MARCELAALZATE1@gmail.com,2019-10-02 07:25:34.338,38327ASQ,105,I,2019-10-28 04:25:34.261
CRISTIANAGUDELO1@gmail.com,2019-10-02 07:25:34.339,38379ASQ,106,I,2019-10-29 04:25:34.262
CristianAgudelo1@gmail.com,2019-10-02 07:25:34.340,38379ASQ,107,I,2019-10-30 04:25:34.263
MARIA_JANETHHENAO1@gmail.com,2019-10-02 07:25:34.341,38403ASQ,108,I,2019-10-31 04:25:34.264
ROSSI_PAOLAIBARRA1@gmail.com,2019-10-02 07:25:34.342,38598ASQ,109,I,2019-09-01 04:25:34.265
PAOLA_ANDREASANCHEZ1@gmail.com,2019-10-02 07:25:34.343,38639ASQ,110,I,2019-09-02 04:25:34.266
JUAN_CARLOSCANO1@gmail.com,2019-10-02 07:25:34.344,38700ASQ,111,I,2019-09-03 04:25:34.267
JEIMMY_NATALIAVELA1@gmail.com,2019-10-02 07:25:34.345,38810ASQ,112,I,2019-09-04 04:25:34.268
JULIAN_ALBERTOCUZA1@gmail.com,2019-10-02 07:25:34.346,38846ASQ,113,I,2019-09-05 04:25:34.269
MARITZAVALENCIA1@gmail.com,2019-10-02 07:25:34.347,38929ASQ,114,I,2019-09-06 04:25:34.270
ELSA_MARIAMONSALVE1@gmail.com,2019-10-02 07:25:34.348,38957ASQ,115,I,2019-09-07 04:25:34.271
CAMILO_ESTEBANCORREA1@gmail.com,2019-10-02 07:25:34.349,39007ASQ,116,I,2019-09-08 04:25:34.272
EDWIN_ALBERTOERAZO1@gmail.com,2019-10-02 07:25:34.350,39154ASQ,117,I,2019-09-09 04:25:34.273
CARLOS_MARIODIAZ1@gmail.com,2019-10-02 07:25:34.351,39453ASQ,118,I,2019-09-10 04:25:34.274
JENIFER_ALEXANDRAGOMEZ1@gmail.com,2019-10-02 07:25:34.352,39470ASQ,119,I,2019-09-11 04:25:34.275
RUTHTRUJILLO1@gmail.com,2019-10-02 07:25:34.353,39478ASQ,120,I,2019-09-12 04:25:34.276
VERONICARUIZ1@gmail.com,2019-10-02 07:25:34.354,39561ASQ,121,I,2019-09-13 04:25:34.277
EVELYNGIRALDO1@gmail.com,2019-10-02 07:25:34.355,39563ASQ,122,I,2019-09-14 04:25:34.278
ANGIE_PAOLACHAVARRO1@gmail.com,2019-10-02 07:25:34.356,39567ASQ,123,I,2019-09-15 04:25:34.279
YUDY_MARCELASUAREZ1@gmail.com,2019-10-02 07:25:34.357,39585ASQ,124,I,2019-09-16 04:25:34.280
LISED_CAROLINALOPERA1@gmail.com,2019-10-02 07:25:34.358,39667ASQ,125,I,2019-09-17 04:25:34.281
LisedLopera1@gmail.com,2019-10-02 07:25:34.359,39667ASQ,126,I,2019-09-18 04:25:34.282
KAREN_DANIELAGUERRA1@gmail.com,2019-10-02 07:25:34.360,39836ASQ,127,I,2019-09-19 04:25:34.283
LEYDI_DIANASALAS1@gmail.com,2019-10-02 07:25:34.361,39944ASQ,128,I,2019-09-20 04:25:34.284
CLARA_ISABELTORRE1@gmail.com,2019-10-02 07:25:34.362,40605ASQ,129,I,2019-09-21 04:25:34.285
ClaraTorre1@gmail.com,2019-10-02 07:25:34.363,40605ASQ,130,I,2019-09-22 04:25:34.286
VIVIAN_LISETHMONTERO1@gmail.com,2019-10-02 07:25:34.364,40631ASQ,131,I,2019-09-23 04:25:34.287
VivianMontero1@gmail.com,2019-10-02 07:25:34.365,40631ASQ,132,I,2019-09-24 04:25:34.288
DERLY_VANESSAZAPATA1@gmail.com,2019-10-02 07:25:34.366,40960ASQ,133,I,2019-09-25 04:25:34.289
DerlyZapata1@gmail.com,2019-10-02 07:25:34.367,40960ASQ,134,I,2019-09-26 04:25:34.290
JULIET_STEFANYMUNERA1@gmail.com,2019-10-02 07:25:34.368,41022ASQ,135,I,2019-09-27 04:25:34.291
JulietMunera1@gmail.com,2019-10-02 07:25:34.369,41022ASQ,136,I,2019-09-28 04:25:34.292
IVONNE_ALEXANDRAROMAN1@gmail.com,2019-10-02 07:25:34.370,41641ASQ,137,I,2019-09-29 04:25:34.293
IvonneRoman1@gmail.com,2019-10-02 07:25:34.371,41641ASQ,138,I,2019-09-30 04:25:34.294
MARLYBETHGUTIERREZ1@gmail.com,2019-10-02 07:25:34.372,41682ASQ,139,I,2019-09-30 04:25:34.295
JUAN_MANUELDAZA1@gmail.com,2019-10-02 07:25:34.373,41729ASQ,140,I,2019-11-01  04:25:34.296
JuanDaza1@gmail.com,2019-10-02 07:25:34.374,41729ASQ,141,I,2019-11-02 04:25:34.297
NINI_JOHANNAALFONSO1@gmail.com,2019-10-02 07:25:34.375,42620ASQ,142,I,2019-11-03 04:25:34.298
NiniAlfonso1@gmail.com,2019-10-02 07:25:34.376,42620ASQ,143,I,2019-11-04 04:25:34.299
DAVID_ENRIQUEOLARTE PEREZ1@gmail.com,2019-10-02 07:25:34.377,42899ASQ,144,I,2019-11-05 04:25:34.300
DavidOlarte1@gmail.com,2019-10-02 07:25:34.378,42899ASQ,145,I,2019-11-06 04:25:34.301
JOSE_EDUARDOBUELVAS1@gmail.com,2019-10-02 07:25:34.379,42922ASQ,146,I,2019-11-07 04:25:34.302
ELKIN_ANTONIOBERNAL1@gmail.com,2019-10-02 07:25:34.380,43492ASQ,147,I,2019-11-08 04:25:34.303
ElkinBernal1@gmail.com,2019-10-02 07:25:34.381,43492ASQ,148,I,2019-11-09 04:25:34.304
VANESSAPEREZ1@gmail.com,2019-10-02 07:25:34.382,43867ASQ,149,I,2019-11-10 04:25:34.305
VanessaPerez1@gmail.com,2019-10-02 07:25:34.383,43867ASQ,150,I,2019-11-11 04:25:34.306
MARTHA_CLAIREALFONSO1@gmail.com,2019-10-02 07:25:34.384,44227ASQ,151,I,2019-11-12 04:25:34.307
MarthaAlfonso1@gmail.com,2019-10-02 07:25:34.385,44227ASQ,152,I,2019-11-13 04:25:34.308
YULIAN_ALEXANDERRAMIREZ1@gmail.com,2019-10-02 07:25:34.386,44333ASQ,153,I,2019-11-14 04:25:34.309
YulianRamirez1@gmail.com,2019-10-02 07:25:34.387,44333ASQ,154,I,2019-11-15 04:25:34.310
STEBEN_ELIECERAYALA1@gmail.com,2019-10-02 07:25:34.388,44495ASQ,155,I,2019-10-01 03:23:34.234
SANDRA_MILENAGALINDO1@gmail.com,2019-10-02 07:25:34.389,44504ASQ,156,I,2019-10-02 04:25:34.235
SandraGalindo1@gmail.com,2019-10-02 07:25:34.390,44504ASQ,157,I,2019-10-03 04:25:34.236
JENNIFER_YULIHETMEJIA1@gmail.com,2019-10-02 07:25:34.391,44576ASQ,158,I,2019-10-04 04:25:34.237
JenniferMejia1@gmail.com,2019-10-02 07:25:34.392,44576ASQ,159,I,2019-10-05 04:25:34.238
JAKELINEBETANCUR1@gmail.com,2019-10-02 07:25:34.393,44804ASQ,160,I,2019-10-06 04:25:34.239
JakelineBetancur1@gmail.com,2019-10-02 07:25:34.394,44804ASQ,161,I,2019-10-07 04:25:34.240
LUZ_MERYGIRALDO1@gmail.com,2019-10-02 07:25:34.395,44890ASQ,162,I,2019-10-08 04:25:34.241
LuzGiraldo1@gmail.com,2019-10-02 07:25:34.396,44890ASQ,163,I,2019-10-09 04:25:34.242
ESTEFANIAARREDONDO1@gmail.com,2019-10-02 07:25:34.397,45118ASQ,164,I,2019-10-10 04:25:34.243
EstefaniaArredondo1@gmail.com,2019-10-02 07:25:34.398,45118ASQ,165,I,2019-10-11 04:25:34.244
MARIA_JOSEFRANCO1@gmail.com,2019-10-02 07:25:34.399,45355ASQ,166,I,2019-10-12 04:25:34.245
LINEY_STEFANYESCUDERO1@gmail.com,2019-10-02 07:25:34.400,45467ASQ,167,I,2019-10-13 04:25:34.246
LineyEscudero1@gmail.com,2019-10-02 07:25:34.401,45467ASQ,168,I,2019-10-14 04:25:34.247
HEIDY_MARYORIECHEVERRY1@gmail.com,2019-10-02 07:25:34.402,45654ASQ,169,I,2019-10-15 04:25:34.248
HeidyEcheverry1@gmail.com,2019-10-02 07:25:34.403,45654ASQ,170,I,2019-10-16 04:25:34.249
Diana_CeciliaAbonia1@gmail.com,2019-10-02 07:25:34.404,45944ASQ,171,I,2019-10-17 04:25:34.250
DANIELABERRIO1@gmail.com,2019-10-02 07:25:34.405,46010ASQ,172,I,2019-10-18 04:25:34.251
DanielaBerrio1@gmail.com,2019-10-02 07:25:34.406,46010ASQ,173,I,2019-10-19 04:25:34.252
ALMA_ROSAAGAMEZ1@gmail.com,2019-10-02 07:25:34.407,46744ASQ,174,I,2019-10-20 04:25:34.253
AlmaAgamez1@gmail.com,2019-10-02 07:25:34.408,46744ASQ,175,I,2019-10-21 04:25:34.254
LAURA_VANESSARAMIREZ1@gmail.com,2019-10-02 07:25:34.409,46942ASQ,176,I,2019-10-22 04:25:34.255
LauraRamirez1@gmail.com,2019-10-02 07:25:34.410,46942ASQ,177,I,2019-10-23 04:25:34.256
FRANCY_ALEIDARAMIREZ1@gmail.com,2019-10-02 07:25:34.411,46990ASQ,178,I,2019-10-24 04:25:34.257
FrancyRamirez1@gmail.com,2019-10-02 07:25:34.412,46990ASQ,179,I,2019-10-25 04:25:34.258
DIANA_MARCELAECHEVERRI1@gmail.com,2019-10-02 07:25:34.413,47067ASQ,180,I,2019-10-26 04:25:34.259
DianaEcheverri1@gmail.com,2019-10-02 07:25:34.414,47067ASQ,181,I,2019-10-27 04:25:34.260
ROBINSON_ENRIQUEFRIAS1@gmail.com,2019-10-02 07:25:34.415,47281ASQ,182,I,2019-10-28 04:25:34.261
RobinsonFrias1@gmail.com,2019-10-02 07:25:34.416,47281ASQ,183,I,2019-10-29 04:25:34.262
NATALIA_ANDREALOPERA1@gmail.com,2019-10-02 07:25:34.417,47384ASQ,184,I,2019-10-30 04:25:34.263
NataliaLopera1@gmail.com,2019-10-02 07:25:34.418,47384ASQ,185,I,2019-10-31 04:25:34.264
JULIAN_ANDRESJIMENEZ1@gmail.com,2019-10-02 07:25:34.419,47498ASQ,186,I,2019-09-01 04:25:34.265
JulianJimenez1@gmail.com,2019-10-02 07:25:34.420,47498ASQ,187,I,2019-09-02 04:25:34.266
COLOMBIA_JOANAZAPATA1@gmail.com,2019-10-02 07:25:34.421,47537ASQ,188,I,2019-09-03 04:25:34.267
ColombiaZapata1@gmail.com,2019-10-02 07:25:34.422,47537ASQ,189,I,2019-09-04 04:25:34.268
JOHN_MARIOMUÑOZ1@gmail.com,2019-10-02 07:25:34.423,47738ASQ,190,I,2019-09-05 04:25:34.269
JohnMu?oz1@gmail.com,2019-10-02 07:25:34.424,47738ASQ,191,I,2019-09-06 04:25:34.270
WILLIAM_ALEXANDERMATEUS1@gmail.com,2019-10-02 07:25:34.425,47749ASQ,192,I,2019-09-07 04:25:34.271
JOSE_ENRIQUEBERARDINELLI1@gmail.com,2019-10-02 07:25:34.426,47755ASQ,193,I,2019-09-08 04:25:34.272
ELIZABETHZAPATA1@gmail.com,2019-10-02 07:25:34.427,47758ASQ,194,I,2019-09-09 04:25:34.273
YENY_PAOLANOVOA1@gmail.com,2019-10-02 07:25:34.428,47831ASQ,195,I,2019-09-10 04:25:34.274
YenyNovoa1@gmail.com,2019-10-02 07:25:34.429,47831ASQ,196,I,2019-09-11 04:25:34.275
GIANCARLOLALINDE1@gmail.com,2019-10-02 07:25:34.430,47848ASQ,197,I,2019-09-12 04:25:34.276
GiancarloLalinde1@gmail.com,2019-10-02 07:25:34.431,47848ASQ,198,I,2019-09-13 04:25:34.277
MARIA_VIDALIABEDOYA1@gmail.com,2019-10-02 07:25:34.432,47880ASQ,199,I,2019-09-14 04:25:34.278
MariaBedoya1@gmail.com,2019-10-02 07:25:34.433,47880ASQ,200,I,2019-09-15 04:25:34.279
VIVIANA_DEL_ROSARIOCUEVAS1@gmail.com,2019-10-02 07:25:34.434,47976ASQ,201,I,2019-09-16 04:25:34.280
VivianaCuevas1@gmail.com,2019-10-02 07:25:34.435,47976ASQ,202,I,2019-09-17 04:25:34.281
CARLOS_ANDRESRENDON1@gmail.com,2019-10-02 07:25:34.436,48248ASQ,203,I,2019-09-18 04:25:34.282
MARIA_DEL_PILARGUTIERREZ1@gmail.com,2019-10-02 07:25:34.437,48306ASQ,204,I,2019-09-19 04:25:34.283
JULIETTE_ESPERANZAVASQUEZ1@gmail.com,2019-10-02 07:25:34.438,48506ASQ,205,I,2019-09-20 04:25:34.284
GREISY_YOHANACARRASQUILLA1@gmail.com,2019-10-02 07:25:34.439,48603ASQ,206,I,2019-09-21 04:25:34.285
GreisyCarrasquilla1@gmail.com,2019-10-02 07:25:34.440,48603ASQ,207,I,2019-09-22 04:25:34.286
ELIZABETHROJAS1@gmail.com,2019-10-02 07:25:34.441,48840ASQ,208,I,2019-09-23 04:25:34.287
ElizabethRojas1@gmail.com,2019-10-02 07:25:34.442,48840ASQ,209,I,2019-09-24 04:25:34.288
DENYSSERUGE1@gmail.com,2019-10-02 07:25:34.443,48871ASQ,210,I,2019-09-25 04:25:34.289
DenysseRuge1@gmail.com,2019-10-02 07:25:34.444,48871ASQ,211,I,2019-09-26 04:25:34.290
MARIA_DE_LOS_ANGELESCASTILLO1@gmail.com,2019-10-02 07:25:34.445,48872ASQ,212,I,2019-09-27 04:25:34.291
MariaCastilla1@gmail.com,2019-10-02 07:25:34.446,48872ASQ,213,I,2019-09-28 04:25:34.292
ESTEBANDUQUE1@gmail.com,2019-10-02 07:25:34.447,48878ASQ,214,I,2019-09-29 04:25:34.293
EstebanDuque1@gmail.com,2019-10-02 07:25:34.448,48878ASQ,215,I,2019-09-30 04:25:34.294
YURLEYVELEZ1@gmail.com,2019-10-02 07:25:34.449,48884ASQ,216,I,2019-09-30 04:25:34.295
YurleyVelez1@gmail.com,2019-10-02 07:25:34.450,48884ASQ,217,I,2019-11-01  04:25:34.296
LEANYVILLADA1@gmail.com,2019-10-02 07:25:34.451,48974ASQ,218,I,2019-11-02 04:25:34.297
LeanyVillada1@gmail.com,2019-10-02 07:25:34.452,48974ASQ,219,I,2019-11-03 04:25:34.298
JUAN_MANUELSANCHEZ1@gmail.com,2019-10-02 07:25:34.453,49105ASQ,220,I,2019-11-04 04:25:34.299
JuanSanchez1@gmail.com,2019-10-02 07:25:34.454,49105ASQ,221,I,2019-11-05 04:25:34.300
YESSICA_PAOLACALA1@gmail.com,2019-10-02 07:25:34.455,49190ASQ,222,I,2019-11-06 04:25:34.301
YessicaCala1@gmail.com,2019-10-02 07:25:34.456,49190ASQ,223,I,2019-11-07 04:25:34.302
BIBIANAGALVEZ1@gmail.com,2019-10-02 07:25:34.457,49234ASQ,224,I,2019-11-08 04:25:34.303
BibianaGalvez1@gmail.com,2019-10-02 07:25:34.458,49234ASQ,225,I,2019-11-09 04:25:34.304
MARLON_HERNANOSSA1@gmail.com,2019-10-02 07:25:34.459,49238ASQ,226,I,2019-11-10 04:25:34.305
MarlonOssa1@gmail.com,2019-10-02 07:25:34.460,49238ASQ,227,I,2019-11-11 04:25:34.306
SusanaMeza1@gmail.com,2019-10-02 07:25:34.461,49303ASQ,228,I,2019-11-12 04:25:34.307
SusanaMeza1@gmail.com,2019-10-02 07:25:34.462,49303ASQ,229,I,2019-11-13 04:25:34.308
ERIKAHINCAPIE1@gmail.com,2019-10-02 07:25:34.463,49349ASQ,230,I,2019-11-14 04:25:34.309
IVAN_ALEJANDROGARZON1@gmail.com,2019-10-02 07:25:34.464,49402ASQ,231,I,2019-11-15 04:25:34.310
IvanGarzon1@gmail.com,2019-10-02 07:25:34.465,49402ASQ,232,I,2019-10-01 03:23:34.234
GERMAN_ANDRESZAPATA1@gmail.com,2019-10-02 07:25:34.466,49414ASQ,233,I,2019-10-02 04:25:34.235
GermanZapata1@gmail.com,2019-10-02 07:25:34.467,49414ASQ,234,I,2019-10-03 04:25:34.236
JOHAN_STIVELJARAMILLO1@gmail.com,2019-10-02 07:25:34.468,49952ASQ,235,I,2019-10-04 04:25:34.237
NELIDAVANEGAS1@gmail.com,2019-10-02 07:25:34.469,50007ASQ,236,I,2019-10-05 04:25:34.238
NelidaVanegas1@gmail.com,2019-10-02 07:25:34.470,50007ASQ,237,I,2019-10-06 04:25:34.239
HELEN_PATRICIABAZANTES1@gmail.com,2019-10-02 07:25:34.471,50112ASQ,238,I,2019-10-07 04:25:34.240
LEIDY_MARIAVELEZ1@gmail.com,2019-10-02 07:25:34.472,50279ASQ,239,I,2019-10-08 04:25:34.241
LeidyVelez1@gmail.com,2019-10-02 07:25:34.473,50279ASQ,240,I,2019-10-09 04:25:34.242
PATRICIARAMIREZ1@gmail.com,2019-10-02 07:25:34.474,50288ASQ,241,I,2019-10-10 04:25:34.243
ANA_VERONICAPIEDRAHITA1@gmail.com,2019-10-02 07:25:34.475,50301ASQ,242,I,2019-10-11 04:25:34.244
AnaPiedrahita1@gmail.com,2019-10-02 07:25:34.476,50301ASQ,243,I,2019-10-12 04:25:34.245
LEYDI_CATALINALONDOÑO1@gmail.com,2019-10-02 07:25:34.477,50356ASQ,244,I,2019-10-13 04:25:34.246
LeydiLondo?o1@gmail.com,2019-10-02 07:25:34.478,50356ASQ,245,I,2019-10-14 04:25:34.247
MANUELACIFUENTES1@gmail.com,2019-10-02 07:25:34.479,50654ASQ,246,I,2019-10-15 04:25:34.248
ANDRES_FELIPEGIL LOAIZA1@gmail.com,2019-10-02 07:25:34.480,50657ASQ,247,I,2019-10-16 04:25:34.249
AndresGil1@gmail.com,2019-10-02 07:25:34.481,50657ASQ,248,I,2019-10-17 04:25:34.250
YANETH_ASTRIDGARCIA1@gmail.com,2019-10-02 07:25:34.482,50769ASQ,249,I,2019-10-18 04:25:34.251
Sandra_MilenaGarizabal Ramirez1@gmail.com,2019-10-02 07:25:34.483,50781ASQ,250,I,2019-10-19 04:25:34.252
SandraGarizabal1@gmail.com,2019-10-02 07:25:34.484,50781ASQ,251,I,2019-10-20 04:25:34.253
ADRIANA_PATRICIABARRANCO RAMOS1@gmail.com,2019-10-02 07:25:34.485,50786ASQ,252,I,2019-10-21 04:25:34.254
AdrianaBarranco1@gmail.com,2019-10-02 07:25:34.486,50786ASQ,253,I,2019-10-22 04:25:34.255
GIOVANNIIMITOLA1@gmail.com,2019-10-02 07:25:34.487,50798ASQ,254,I,2019-10-23 04:25:34.256
GiovanniImitola1@gmail.com,2019-10-02 07:25:34.488,50798ASQ,255,I,2019-10-24 04:25:34.257
DANIEL_STIVENSOSSA1@gmail.com,2019-10-02 07:25:34.489,50846ASQ,256,I,2019-10-25 04:25:34.258
Luis_GabrielYepez1@gmail.com,2019-10-02 07:25:34.490,50871ASQ,257,I,2019-10-26 04:25:34.259
MARIA_FERNANDAORTIZ1@gmail.com,2019-10-02 07:25:34.491,50925ASQ,258,I,2019-10-27 04:25:34.260
MARIA_CRISTINACORREA1@gmail.com,2019-10-02 07:25:34.492,50960ASQ,259,I,2019-10-28 04:25:34.261
YEISY_DEL_MAROLAYA1@gmail.com,2019-10-02 07:25:34.493,51051ASQ,260,I,2019-10-29 04:25:34.262
YeisyOlaya1@gmail.com,2019-10-02 07:25:34.494,51051ASQ,261,I,2019-10-30 04:25:34.263
XIOMARACORDOBA1@gmail.com,2019-10-02 07:25:34.495,51058ASQ,262,I,2019-10-31 04:25:34.264
Luz_StellaFranco1@gmail.com,2019-10-02 07:25:34.496,51511ASQ,263,I,2019-09-01 04:25:34.265
Luz_StellaFranco1@gmail.com,2019-10-02 07:25:34.497,51511ASQ,264,I,2019-09-02 04:25:34.266
Katherine_AdrianaAgudelo1@gmail.com,2019-10-02 07:25:34.498,51631ASQ,265,I,2019-09-03 04:25:34.267
ASTRID_JOHANNAGOMEZ1@gmail.com,2019-10-02 07:25:34.499,51691ASQ,266,I,2019-09-04 04:25:34.268
JUAN_CARLOSRUIZ1@gmail.com,2019-10-02 07:25:34.500,51701ASQ,267,I,2019-09-05 04:25:34.269
GERALDINNEGOEZ OQUENDO1@gmail.com,2019-10-02 07:25:34.501,51742ASQ,268,I,2019-09-06 04:25:34.270
ELIZABETHZAPATA1@gmail.com,2019-10-02 07:25:34.502,51757ASQ,269,I,2019-09-07 04:25:34.271
JOHANNALOPEZ1@gmail.com,2019-10-02 07:25:34.503,51859ASQ,270,I,2019-09-08 04:25:34.272
JohannaLopez1@gmail.com,2019-10-02 07:25:34.504,51859ASQ,271,I,2019-09-09 04:25:34.273
AURA_MARCELAMARTINEZ1@gmail.com,2019-10-02 07:25:34.505,51865ASQ,272,I,2019-09-10 04:25:34.274
AuraMartinez1@gmail.com,2019-10-02 07:25:34.506,51865ASQ,273,I,2019-09-11 04:25:34.275
SANDRA_MARCELASALAZAR1@gmail.com,2019-10-02 07:25:34.507,51897ASQ,274,I,2019-09-12 04:25:34.276
MarcelaDelgado1@gmail.com,2019-10-02 07:25:34.508,51943ASQ,275,I,2019-09-13 04:25:34.277
YULIANA_DEL_CARMENVARGAS1@gmail.com,2019-10-02 07:25:34.509,51954ASQ,276,I,2019-09-14 04:25:34.278
Claudia_YanetVarela1@gmail.com,2019-10-02 07:25:34.510,51957ASQ,277,I,2019-09-15 04:25:34.279
LORENACORREA1@gmail.com,2019-10-02 07:25:34.511,52017ASQ,278,I,2019-09-16 04:25:34.280
LorenaCorrea1@gmail.com,2019-10-02 07:25:34.512,52017ASQ,279,I,2019-09-17 04:25:34.281
Maria_EsterMartinez1@gmail.com,2019-10-02 07:25:34.513,52019ASQ,280,I,2019-09-18 04:25:34.282
ROSA_MARIAOSPINA1@gmail.com,2019-10-02 07:25:34.514,52026ASQ,281,I,2019-09-19 04:25:34.283
RosaOspina1@gmail.com,2019-10-02 07:25:34.515,52026ASQ,282,I,2019-09-20 04:25:34.284
JULIANAISAZA1@gmail.com,2019-10-02 07:25:34.516,52044ASQ,283,I,2019-09-21 04:25:34.285
YULIETH_ANDREALOPEZ1@gmail.com,2019-10-02 07:25:34.517,52101ASQ,284,I,2019-09-22 04:25:34.286
YuliethLopez1@gmail.com,2019-10-02 07:25:34.518,52101ASQ,285,I,2019-09-23 04:25:34.287
AndreaGiraldo1@gmail.com,2019-10-02 07:25:34.519,52199ASQ,286,I,2019-09-24 04:25:34.288
LUISA_FERNANDAORTIZ1@gmail.com,2019-10-02 07:25:34.520,52203ASQ,287,I,2019-09-25 04:25:34.289
LuisaOrtiz1@gmail.com,2019-10-02 07:25:34.521,52203ASQ,288,I,2019-09-26 04:25:34.290
DAVIDMILLER1@gmail.com,2019-10-02 07:25:34.522,52209ASQ,289,I,2019-09-27 04:25:34.291
LUZ_MERYGONZALEZ1@gmail.com,2019-10-02 07:25:34.523,52213ASQ,290,I,2019-09-28 04:25:34.292
LAURAZAPATA1@gmail.com,2019-10-02 07:25:34.524,52304ASQ,291,I,2019-09-29 04:25:34.293
MIRLEY_ALEIDIMARTINEZ1@gmail.com,2019-10-02 07:25:34.525,52318ASQ,292,I,2019-09-30 04:25:34.294
MirleyMartinez1@gmail.com,2019-10-02 07:25:34.526,52318ASQ,293,I,2019-09-30 04:25:34.295
CARMEN_ROSAAGUDELO1@gmail.com,2019-10-02 07:25:34.527,52397ASQ,294,I,2019-11-01  04:25:34.296
NILSON_GUILLERMODIAZ1@gmail.com,2019-10-02 07:25:34.528,52399ASQ,295,I,2019-11-02 04:25:34.297
NilsonDiaz1@gmail.com,2019-10-02 07:25:34.529,52399ASQ,296,I,2019-11-03 04:25:34.298
Dora_LuzArias1@gmail.com,2019-10-02 07:25:34.530,52457ASQ,297,I,2019-11-04 04:25:34.299
DoraArias1@gmail.com,2019-10-02 07:25:34.531,52457ASQ,298,I,2019-11-05 04:25:34.300
MILEIVY_LIBETHLONDOÑO1@gmail.com,2019-10-02 07:25:34.532,52482ASQ,299,I,2019-11-06 04:25:34.301
KELLY_YURANYCADAVID1@gmail.com,2019-10-02 07:25:34.533,52535ASQ,300,I,2019-11-07 04:25:34.302
MARIA_PATRICIAOSUNA1@gmail.com,2019-10-02 07:25:34.534,52556ASQ,301,I,2019-11-08 04:25:34.303
LAURA_DANIELASUAREZ1@gmail.com,2019-10-02 07:25:34.535,52558ASQ,302,I,2019-11-09 04:25:34.304
SARHAMENDOZA1@gmail.com,2019-10-02 07:25:34.536,52579ASQ,303,I,2019-11-10 04:25:34.305
Heidi_LicethDimian1@gmail.com,2019-10-02 07:25:34.537,52580ASQ,304,I,2019-11-11 04:25:34.306
DANIELVELEZ1@gmail.com,2019-10-02 07:25:34.538,52594ASQ,305,I,2019-11-12 04:25:34.307
Manuel_FernandoRodriguez1@gmail.com,2019-10-02 07:25:34.539,52613ASQ,306,I,2019-11-13 04:25:34.308
ManuelRodriguez1@gmail.com,2019-10-02 07:25:34.540,52613ASQ,307,I,2019-11-14 04:25:34.309
CLAUDIA_JANETLAGARES1@gmail.com,2019-10-02 07:25:34.541,52624ASQ,308,I,2019-11-15 04:25:34.310
JOHANA_ISABELMERCADO1@gmail.com,2019-10-02 07:25:34.542,52703ASQ,309,I,2019-10-01 03:23:34.234
ANA_MARIASANCHEZ1@gmail.com,2019-10-02 07:25:34.543,52729ASQ,310,I,2019-10-02 04:25:34.235
PEDRO_NELCAUSIL1@gmail.com,2019-10-02 07:25:34.544,52773ASQ,311,I,2019-10-03 04:25:34.236
MILEIDI_YOHANAMARTINEZ1@gmail.com,2019-10-02 07:25:34.545,52832ASQ,312,I,2019-10-04 04:25:34.237
ELIZABETH_CRISTINAPEÑA1@gmail.com,2019-10-02 07:25:34.546,52869ASQ,313,I,2019-10-05 04:25:34.238
ElizabethPeña1@gmail.com,2019-10-02 07:25:34.547,52869ASQ,314,I,2019-10-06 04:25:34.239
Héctor_ManuelAguas1@gmail.com,2019-10-02 07:25:34.548,52871ASQ,315,I,2019-10-07 04:25:34.240
HEIDY_GINETHTORRES1@gmail.com,2019-10-02 07:25:34.549,52901ASQ,316,I,2019-10-08 04:25:34.241
HeidyTorres1@gmail.com,2019-10-02 07:25:34.550,52901ASQ,317,I,2019-10-09 04:25:34.242
LEIDY_MARCELAMUÑOZ1@gmail.com,2019-10-02 07:25:34.551,52916ASQ,318,I,2019-10-10 04:25:34.243
PAULINA_CECILIAMARULANDA1@gmail.com,2019-10-02 07:25:34.552,52996ASQ,319,I,2019-10-11 04:25:34.244
KEYLA_PATRICIAPEREZ1@gmail.com,2019-10-02 07:25:34.553,53011ASQ,320,I,2019-10-12 04:25:34.245
ANA_ISABELBRACAMONTES1@gmail.com,2019-10-02 07:25:34.554,53012ASQ,321,I,2019-10-13 04:25:34.246
RUTH_BIBIANAGUTIERREZ1@gmail.com,2019-10-02 07:25:34.555,53098ASQ,322,I,2019-10-14 04:25:34.247
LeidyGallego1@gmail.com,2019-10-02 07:25:34.556,53108ASQ,323,I,2019-10-15 04:25:34.248
LEIDY_GIOVANAPUIN1@gmail.com,2019-10-02 07:25:34.557,53170ASQ,324,I,2019-10-16 04:25:34.249
LUISA_FERNANDAPINEDA1@gmail.com,2019-10-02 07:25:34.558,53182ASQ,325,I,2019-10-17 04:25:34.250
DANIELAMADRID1@gmail.com,2019-10-02 07:25:34.559,53239ASQ,326,I,2019-10-18 04:25:34.251
MONICA_PATRICIARAMIREZ1@gmail.com,2019-10-02 07:25:34.560,53240ASQ,327,I,2019-10-19 04:25:34.252
GLADYS_CARMENZARODRIGUEZ1@gmail.com,2019-10-02 07:25:34.561,53261ASQ,328,I,2019-10-20 04:25:34.253
CINDY_TATIANAALEGRIA1@gmail.com,2019-10-02 07:25:34.562,53335ASQ,329,I,2019-10-21 04:25:34.254
TATIANA_JULLEYARANGO1@gmail.com,2019-10-02 07:25:34.563,53349ASQ,330,I,2019-10-22 04:25:34.255
TatianaArango1@gmail.com,2019-10-02 07:25:34.564,53349ASQ,331,I,2019-10-23 04:25:34.256
SANDRA_MASIELGIRALDO1@gmail.com,2019-10-02 07:25:34.565,53373ASQ,332,I,2019-10-24 04:25:34.257
ISABEL_CRISTINAPALACIO1@gmail.com,2019-10-02 07:25:34.566,53388ASQ,333,I,2019-10-25 04:25:34.258
IsabelPalacio1@gmail.com,2019-10-02 07:25:34.567,53388ASQ,334,I,2019-10-26 04:25:34.259
INGRID_MARIANASANCHEZ1@gmail.com,2019-10-02 07:25:34.568,53389ASQ,335,I,2019-10-27 04:25:34.260
SUSAN_LORENADIAZ1@gmail.com,2019-10-02 07:25:34.569,53535ASQ,336,I,2019-10-28 04:25:34.261
EDILIAVIDALES1@gmail.com,2019-10-02 07:25:34.570,53567ASQ,337,I,2019-10-29 04:25:34.262
CINDY_LORENAAVILA1@gmail.com,2019-10-02 07:25:34.571,53574ASQ,338,I,2019-10-30 04:25:34.263
CindyAvila1@gmail.com,2019-10-02 07:25:34.572,53574ASQ,339,I,2019-10-31 04:25:34.264
Fernanda_EstefaniaLeyton1@gmail.com,2019-10-02 07:25:34.573,53584ASQ,340,I,2019-09-01 04:25:34.265
KELLY_JOHANAHINCAPIE1@gmail.com,2019-10-02 07:25:34.574,53608ASQ,341,I,2019-09-02 04:25:34.266
CAROLINACUADROS1@gmail.com,2019-10-02 07:25:34.575,53629ASQ,342,I,2019-09-03 04:25:34.267
ERICA_YULIEVILLAMIL1@gmail.com,2019-10-02 07:25:34.576,53652ASQ,343,I,2019-09-04 04:25:34.268
EricaVillamil1@gmail.com,2019-10-02 07:25:34.577,53652ASQ,344,I,2019-09-05 04:25:34.269
Paola_AndreaBedoya1@gmail.com,2019-10-02 07:25:34.578,53859ASQ,345,I,2019-09-06 04:25:34.270
LEIDY_JOHANNATRUJILLO1@gmail.com,2019-10-02 07:25:34.579,53862ASQ,346,I,2019-09-07 04:25:34.271
LeidyTrujillo1@gmail.com,2019-10-02 07:25:34.580,53862ASQ,347,I,2019-09-08 04:25:34.272
TATIANARESTREPO1@gmail.com,2019-10-02 07:25:34.581,53874ASQ,348,I,2019-09-09 04:25:34.273
SARA_VALENTINAMARIN1@gmail.com,2019-10-02 07:25:34.582,53879ASQ,349,I,2019-09-10 04:25:34.274
YULY_CLARENAGIRALDO1@gmail.com,2019-10-02 07:25:34.583,53888ASQ,350,I,2019-09-11 04:25:34.275
YulyGiraldo1@gmail.com,2019-10-02 07:25:34.584,53888ASQ,351,I,2019-09-12 04:25:34.276
INGRY_PATRICIACHICA1@gmail.com,2019-10-02 07:25:34.585,53917ASQ,352,I,2019-09-13 04:25:34.277
IngryChica1@gmail.com,2019-10-02 07:25:34.586,53917ASQ,353,I,2019-09-14 04:25:34.278
ELIANA_MARIALOPEZ1@gmail.com,2019-10-02 07:25:34.587,54016ASQ,354,I,2019-09-15 04:25:34.279
ElianaLopez1@gmail.com,2019-10-02 07:25:34.588,54016ASQ,355,I,2019-09-16 04:25:34.280
CLAUDIA_LORENAGIRALDO1@gmail.com,2019-10-02 07:25:34.589,54058ASQ,356,I,2019-09-17 04:25:34.281
ClaudiaGiraldo1@gmail.com,2019-10-02 07:25:34.590,54058ASQ,357,I,2019-09-18 04:25:34.282
AdrianaCardenas1@gmail.com,2019-10-02 07:25:34.591,54060ASQ,358,I,2019-09-19 04:25:34.283
AdrianaCardenas1@gmail.com,2019-10-02 07:25:34.592,54060ASQ,359,I,2019-09-20 04:25:34.284
LigiaHerrera1@gmail.com,2019-10-02 07:25:34.593,54083ASQ,360,I,2019-09-21 04:25:34.285
LigiaHerrera1@gmail.com,2019-10-02 07:25:34.594,54083ASQ,361,I,2019-09-22 04:25:34.286
PaulaGonzalez1@gmail.com,2019-10-02 07:25:34.595,54253ASQ,362,I,2019-09-23 04:25:34.287
PaulaGonzalez1@gmail.com,2019-10-02 07:25:34.596,54253ASQ,363,I,2019-09-24 04:25:34.288
FRANCISCO_JAVIERPARDO1@gmail.com,2019-10-02 07:25:34.597,54254ASQ,364,I,2019-09-25 04:25:34.289
FranciscoPardo1@gmail.com,2019-10-02 07:25:34.598,54254ASQ,365,I,2019-09-26 04:25:34.290
AlexaOrtega1@gmail.com,2019-10-02 07:25:34.599,54262ASQ,366,I,2019-09-27 04:25:34.291
AlexaOrtega1@gmail.com,2019-10-02 07:25:34.600,54262ASQ,367,I,2019-09-28 04:25:34.292
PilarTabares1@gmail.com,2019-10-02 07:25:34.601,54263ASQ,368,I,2019-09-29 04:25:34.293
PilarTabares1@gmail.com,2019-10-02 07:25:34.602,54263ASQ,369,I,2019-09-30 04:25:34.294
SANDRA_PATRICIAFANDIÑO1@gmail.com,2019-10-02 07:25:34.603,54341ASQ,370,I,2019-09-30 04:25:34.295
KarenValencia1@gmail.com,2019-10-02 07:25:34.604,54343ASQ,371,I,2019-11-01  04:25:34.296
KarenValencia1@gmail.com,2019-10-02 07:25:34.605,54343ASQ,372,I,2019-11-02 04:25:34.297
AngiePulido1@gmail.com,2019-10-02 07:25:34.606,54345ASQ,373,I,2019-11-03 04:25:34.298
AngiePulido1@gmail.com,2019-10-02 07:25:34.607,54345ASQ,374,I,2019-11-04 04:25:34.299
SONIA_EDITHROMERO1@gmail.com,2019-10-02 07:25:34.608,54449ASQ,375,I,2019-11-05 04:25:34.300
Amaider_SoraidaSepulveda1@gmail.com,2019-10-02 07:25:34.609,54456ASQ,376,I,2019-11-06 04:25:34.301
KaterineUribe1@gmail.com,2019-10-02 07:25:34.610,54493ASQ,377,I,2019-11-07 04:25:34.302
KaterineUribe1@gmail.com,2019-10-02 07:25:34.611,54493ASQ,378,I,2019-11-08 04:25:34.303
Yeimer_YisneiderMarin1@gmail.com,2019-10-02 07:25:34.612,54496ASQ,379,I,2019-11-09 04:25:34.304
HaidyJimenez1@gmail.com,2019-10-02 07:25:34.613,54504ASQ,380,I,2019-11-10 04:25:34.305
HaidyJimenez1@gmail.com,2019-10-02 07:25:34.614,54504ASQ,381,I,2019-11-11 04:25:34.306
TULIA_DEL_CARMENCASTILLA1@gmail.com,2019-10-02 07:25:34.615,54520ASQ,382,I,2019-11-12 04:25:34.307
Maria_CamilaGarzon1@gmail.com,2019-10-02 07:25:34.616,54521ASQ,383,I,2019-11-13 04:25:34.308
SamantaFernandez1@gmail.com,2019-10-02 07:25:34.617,54567ASQ,384,I,2019-11-14 04:25:34.309
SamantaFernandez1@gmail.com,2019-10-02 07:25:34.618,54567ASQ,385,I,2019-11-15 04:25:34.310
SaraAcevedo1@gmail.com,2019-10-02 07:25:34.619,54573ASQ,386,I,2019-10-01 03:23:34.234
SaraAcevedo1@gmail.com,2019-10-02 07:25:34.620,54573ASQ,387,I,2019-10-02 04:25:34.235
VALENTINAARANGO1@gmail.com,2019-10-02 07:25:34.621,54578ASQ,388,I,2019-10-03 04:25:34.236
DianaBalanta1@gmail.com,2019-10-02 07:25:34.622,54584ASQ,389,I,2019-10-04 04:25:34.237
CindyPabon1@gmail.com,2019-10-02 07:25:34.623,54594ASQ,390,I,2019-10-05 04:25:34.238
CindyPabon1@gmail.com,2019-10-02 07:25:34.624,54594ASQ,391,I,2019-10-06 04:25:34.239
AstridMartinez1@gmail.com,2019-10-02 07:25:34.625,54596ASQ,392,I,2019-10-07 04:25:34.240
AstridMartinez1@gmail.com,2019-10-02 07:25:34.626,54596ASQ,393,I,2019-10-08 04:25:34.241
DENNIS_MURIELPOVEDA1@gmail.com,2019-10-02 07:25:34.627,54628ASQ,394,I,2019-10-09 04:25:34.242
LeslyCastro1@gmail.com,2019-10-02 07:25:34.628,54630ASQ,395,I,2019-10-10 04:25:34.243
LeslyCastro1@gmail.com,2019-10-02 07:25:34.629,54630ASQ,396,I,2019-10-11 04:25:34.244
NataliaAgudelo1@gmail.com,2019-10-02 07:25:34.630,54706ASQ,397,I,2019-10-12 04:25:34.245
NataliaAgudelo1@gmail.com,2019-10-02 07:25:34.631,54706ASQ,398,I,2019-10-13 04:25:34.246
CINDY_JOHANNAGIL1@gmail.com,2019-10-02 07:25:34.632,54734ASQ,399,I,2019-10-14 04:25:34.247
JessicaHenao1@gmail.com,2019-10-02 07:25:34.633,54737ASQ,400,I,2019-10-15 04:25:34.248
JessicaHenao1@gmail.com,2019-10-02 07:25:34.634,54737ASQ,401,I,2019-10-16 04:25:34.249
InmaculadaTorrenegra1@gmail.com,2019-10-02 07:25:34.635,54740ASQ,402,I,2019-10-17 04:25:34.250
InmaculadaTorrenegra1@gmail.com,2019-10-02 07:25:34.636,54740ASQ,403,I,2019-10-18 04:25:34.251
MariaDiaz1@gmail.com,2019-10-02 07:25:34.637,54936ASQ,404,I,2019-10-19 04:25:34.252
MariaDiaz1@gmail.com,2019-10-02 07:25:34.638,54936ASQ,405,I,2019-10-20 04:25:34.253
WilsonDimate1@gmail.com,2019-10-02 07:25:34.639,55042ASQ,406,I,2019-10-21 04:25:34.254
WilsonDimate1@gmail.com,2019-10-02 07:25:34.640,55042ASQ,407,I,2019-10-22 04:25:34.255
LizethEspitia1@gmail.com,2019-10-02 07:25:34.641,55137ASQ,408,I,2019-10-23 04:25:34.256
LizethEspitia1@gmail.com,2019-10-02 07:25:34.642,55137ASQ,409,I,2019-10-24 04:25:34.257
KaterineGomez1@gmail.com,2019-10-02 07:25:34.643,55142ASQ,410,I,2019-10-25 04:25:34.258
KaterineGomez1@gmail.com,2019-10-02 07:25:34.644,55142ASQ,411,I,2019-10-26 04:25:34.259
GONZALEZ_OSORIOYANIZET1@gmail.com,2019-10-02 07:25:34.645,55171ASQ,412,I,2019-10-27 04:25:34.260
NEZLY_VIVIANAVILLEGAS1@gmail.com,2019-10-02 07:25:34.646,55252ASQ,413,I,2019-10-28 04:25:34.261
SANDRA__MILENAESTEVEZ1@gmail.com,2019-10-02 07:25:34.647,55267ASQ,414,I,2019-10-29 04:25:34.262
MariaGil1@gmail.com,2019-10-02 07:25:34.648,55281ASQ,415,I,2019-10-30 04:25:34.263
MariaGil1@gmail.com,2019-10-02 07:25:34.649,55281ASQ,416,I,2019-10-31 04:25:34.264
ErlyLugo1@gmail.com,2019-10-02 07:25:34.650,55295ASQ,417,I,2019-09-01 04:25:34.265
ErlyLugo1@gmail.com,2019-10-02 07:25:34.651,55295ASQ,418,I,2019-09-02 04:25:34.266
IngridVahos1@gmail.com,2019-10-02 07:25:34.652,55322ASQ,419,I,2019-09-03 04:25:34.267
IngridVahos1@gmail.com,2019-10-02 07:25:34.653,55322ASQ,420,I,2019-09-04 04:25:34.268
YOLIMA_INESPEREZ1@gmail.com,2019-10-02 07:25:34.654,55325ASQ,421,I,2019-09-05 04:25:34.269
YeniferGomez1@gmail.com,2019-10-02 07:25:34.655,55326ASQ,422,I,2019-09-06 04:25:34.270
JOSE_VICENTESANTIAGO1@gmail.com,2019-10-02 07:25:34.656,55327ASQ,423,I,2019-09-07 04:25:34.271
Erika_JohanaOsorio1@gmail.com,2019-10-02 07:25:34.657,55360ASQ,424,I,2019-09-08 04:25:34.272
Gloria_MariaSantafe1@gmail.com,2019-10-02 07:25:34.658,55361ASQ,425,I,2019-09-09 04:25:34.273
SandraVasquez1@gmail.com,2019-10-02 07:25:34.659,55381ASQ,426,I,2019-09-10 04:25:34.274
SandraVasquez1@gmail.com,2019-10-02 07:25:34.660,55381ASQ,427,I,2019-09-11 04:25:34.275
MartaAngel1@gmail.com,2019-10-02 07:25:34.661,55384ASQ,428,I,2019-09-12 04:25:34.276
MartaAngel1@gmail.com,2019-10-02 07:25:34.662,55384ASQ,429,I,2019-09-13 04:25:34.277
Diana_CristinaPerez1@gmail.com,2019-10-02 07:25:34.663,55388ASQ,430,I,2019-09-14 04:25:34.278
BlancaGomez1@gmail.com,2019-10-02 07:25:34.664,55399ASQ,431,I,2019-09-15 04:25:34.279
BlancaGomez1@gmail.com,2019-10-02 07:25:34.665,55399ASQ,432,I,2019-09-16 04:25:34.280
DanielSosa1@gmail.com,2019-10-02 07:25:34.666,55401ASQ,433,I,2019-09-17 04:25:34.281
DanielSosa1@gmail.com,2019-10-02 07:25:34.667,55401ASQ,434,I,2019-09-18 04:25:34.282
MariaRocha1@gmail.com,2019-10-02 07:25:34.668,55402ASQ,435,I,2019-09-19 04:25:34.283
MariaRocha1@gmail.com,2019-10-02 07:25:34.669,55402ASQ,436,I,2019-09-20 04:25:34.284
July_VanessaToro1@gmail.com,2019-10-02 07:25:34.670,55444ASQ,437,I,2019-09-21 04:25:34.285
DerlyCastro1@gmail.com,2019-10-02 07:25:34.671,55449ASQ,438,I,2019-09-22 04:25:34.286
DerlyCastro1@gmail.com,2019-10-02 07:25:34.672,55449ASQ,439,I,2019-09-23 04:25:34.287
MariaGarrido1@gmail.com,2019-10-02 07:25:34.673,55455ASQ,440,I,2019-09-24 04:25:34.288
MariaGarrido1@gmail.com,2019-10-02 07:25:34.674,55455ASQ,441,I,2019-09-25 04:25:34.289
MONICA_TATIANAMONTENEGRO1@gmail.com,2019-10-02 07:25:34.675,55457ASQ,442,I,2019-09-26 04:25:34.290
LUZ_ELENAANGEL1@gmail.com,2019-10-02 07:25:34.676,55490ASQ,443,I,2019-09-27 04:25:34.291
DanielaPalacio1@gmail.com,2019-10-02 07:25:34.677,55512ASQ,444,I,2019-09-28 04:25:34.292
DanielaPalacio1@gmail.com,2019-10-02 07:25:34.678,55512ASQ,445,I,2019-09-29 04:25:34.293
AnaTapias1@gmail.com,2019-10-02 07:25:34.679,55515ASQ,446,I,2019-09-30 04:25:34.294
AnaTapias1@gmail.com,2019-10-02 07:25:34.680,55515ASQ,447,I,2019-09-30 04:25:34.295
YenyCely1@gmail.com,2019-10-02 07:25:34.681,55536ASQ,448,I,2019-11-01  04:25:34.296
YenyCely1@gmail.com,2019-10-02 07:25:34.682,55536ASQ,449,I,2019-11-02 04:25:34.297
BLANCA_SUJEYSANCHEZ1@gmail.com,2019-10-02 07:25:34.683,55538ASQ,450,I,2019-11-03 04:25:34.298
NATALIASUAREZ1@gmail.com,2019-10-02 07:25:34.684,55619ASQ,451,I,2019-11-04 04:25:34.299
ClaudiaVasquez1@gmail.com,2019-10-02 07:25:34.685,55627ASQ,452,I,2019-11-05 04:25:34.300
ClaudiaVasquez1@gmail.com,2019-10-02 07:25:34.686,55627ASQ,453,I,2019-11-06 04:25:34.301
SHIRLEY_MILENARIVADENEIRA1@gmail.com,2019-10-02 07:25:34.687,55639ASQ,454,I,2019-11-07 04:25:34.302
WendyLonga1@gmail.com,2019-10-02 07:25:34.688,55694ASQ,455,I,2019-11-08 04:25:34.303
WendyLonga1@gmail.com,2019-10-02 07:25:34.689,55694ASQ,456,I,2019-11-09 04:25:34.304
JennyOrtega1@gmail.com,2019-10-02 07:25:34.690,55711ASQ,457,I,2019-11-10 04:25:34.305
JennyOrtega1@gmail.com,2019-10-02 07:25:34.691,55711ASQ,458,I,2019-11-11 04:25:34.306
Gloria_ArelisUbaldo1@gmail.com,2019-10-02 07:25:34.692,55723ASQ,459,I,2019-11-12 04:25:34.307
ANA_ELSYMUÑOZ1@gmail.com,2019-10-02 07:25:34.693,55730ASQ,460,I,2019-11-13 04:25:34.308
LETICIAPEÑALOZA1@gmail.com,2019-10-02 07:25:34.694,55743ASQ,461,I,2019-11-14 04:25:34.309
ALEXISRESTREPO1@gmail.com,2019-10-02 07:25:34.695,55746ASQ,462,I,2019-11-15 04:25:34.310
LinaMendez1@gmail.com,2019-10-02 07:25:34.696,55796ASQ,463,I,2019-10-01 03:23:34.234
DEISYDEDERLE1@gmail.com,2019-10-02 07:25:34.697,55817ASQ,464,I,2019-10-02 04:25:34.235
SERGIO_ANDRESSOTELO1@gmail.com,2019-10-02 07:25:34.698,55834ASQ,465,I,2019-10-03 04:25:34.236
SthephanieDe1@gmail.com,2019-10-02 07:25:34.699,55898ASQ,466,I,2019-10-04 04:25:34.237
SthephanieDe Los Rios1@gmail.com,2019-10-02 07:25:34.700,55898ASQ,467,I,2019-10-05 04:25:34.238
MichellVargas1@gmail.com,2019-10-02 07:25:34.701,55901ASQ,468,I,2019-10-06 04:25:34.239
MichellVargas1@gmail.com,2019-10-02 07:25:34.702,55901ASQ,469,I,2019-10-07 04:25:34.240
NanabelVilla1@gmail.com,2019-10-02 07:25:34.703,55907ASQ,470,I,2019-10-08 04:25:34.241
NanabelVilla1@gmail.com,2019-10-02 07:25:34.704,55907ASQ,471,I,2019-10-09 04:25:34.242
AngieVallejo1@gmail.com,2019-10-02 07:25:34.705,55955ASQ,472,I,2019-10-10 04:25:34.243
SIXTA_TULIAPARODY1@gmail.com,2019-10-02 07:25:34.706,55978ASQ,473,I,2019-10-11 04:25:34.244
DanielCampo1@gmail.com,2019-10-02 07:25:34.707,55979ASQ,474,I,2019-10-12 04:25:34.245
DanielCampo1@gmail.com,2019-10-02 07:25:34.708,55979ASQ,475,I,2019-10-13 04:25:34.246
MARCELOMARQUEZ1@gmail.com,2019-10-02 07:25:34.709,56045ASQ,476,I,2019-10-14 04:25:34.247
AngelicaCortes1@gmail.com,2019-10-02 07:25:34.710,56096ASQ,477,I,2019-10-15 04:25:34.248
AngelicaCortes1@gmail.com,2019-10-02 07:25:34.711,56096ASQ,478,I,2019-10-16 04:25:34.249
HELEN_TATIANAARGUELLES1@gmail.com,2019-10-02 07:25:34.712,56217ASQ,479,I,2019-10-17 04:25:34.250
MARIA_ALEJANDRAESPAÃ‘A1@gmail.com,2019-10-02 07:25:34.713,56249ASQ,480,I,2019-10-18 04:25:34.251
LEIDY_JOHANAESCOBAR1@gmail.com,2019-10-02 07:25:34.714,56268ASQ,481,I,2019-10-19 04:25:34.252
JHONATAN_DE_JESUSOSORIO1@gmail.com,2019-10-02 07:25:34.715,56495ASQ,482,I,2019-10-20 04:25:34.253
STEPHANY_ALEJANDRATRUJILLO1@gmail.com,2019-10-02 07:25:34.716,56496ASQ,483,I,2019-10-21 04:25:34.254
LINA_MARCELAGOMEZ1@gmail.com,2019-10-02 07:25:34.717,56609ASQ,484,I,2019-10-22 04:25:34.255
JULIAN_DAVIDCORRALES1@gmail.com,2019-10-02 07:25:34.718,56662ASQ,485,I,2019-10-23 04:25:34.256
JORGE_LEONLOPERA1@gmail.com,2019-10-02 07:25:34.719,75735ASQ,486,I,2019-10-24 04:25:34.257
YAMILELEON1@gmail.com,2019-10-02 07:25:34.720,75738ASQ,487,I,2019-10-25 04:25:34.258
FRANCISCO_ANTONIOTRIANA1@gmail.com,2019-10-02 07:25:34.721,91073ASQ,488,I,2019-10-26 04:25:34.259
FranciscoTriana1@gmail.com,2019-10-02 07:25:34.722,91073ASQ,489,I,2019-10-27 04:25:34.260
KELLY_JOHANAESCALANTE1@gmail.com,2019-10-02 07:25:34.723,906159ASQ,490,I,2019-10-28 04:25:34.261
Dora_CristinaAgudelo1@gmail.com,2019-10-02 07:25:34.724,906463ASQ,491,I,2019-10-29 04:25:34.262
EstefaniaRincon1@gmail.com,2019-10-02 07:25:34.725,906525ASQ,492,I,2019-10-30 04:25:34.263
ASTRID_MILENAGONZALEZ1@gmail.com,2019-10-02 07:25:34.726,906611ASQ,493,I,2019-10-31 04:25:34.264
JUDITH_SOFIAGASTELBONDO1@gmail.com,2019-10-02 07:25:34.727,906612ASQ,494,I,2019-09-01 04:25:34.265
RODRIGO_ANDRESAYALA1@gmail.com,2019-10-02 07:25:34.728,906758ASQ,495,I,2019-09-02 04:25:34.266
ALEXANDERHERRON1@gmail.com,2019-10-02 07:25:34.729,906779ASQ,496,I,2019-09-03 04:25:34.267
ELIANA_MARIALOPEZ1@gmail.com,2019-10-02 07:25:34.730,906919ASQ,497,I,2019-09-04 04:25:34.268
ANGELICA_LUCIARODRIGUEZ1@gmail.com,2019-10-02 07:25:34.731,906931ASQ,498,I,2019-09-05 04:25:34.269
Edgar_EduardoDuque1@gmail.com,2019-10-02 07:25:34.732,907345ASQ,499,I,2019-09-06 04:25:34.270
JESINELLHERRERA1@gmail.com,2019-10-02 07:25:34.733,907548ASQ,500,I,2019-09-07 04:25:34.271
